,time,x,y,z,phi,theta,psi,x_velocity,y_velocity,z_velocity,phi_velocity,theta_velocity,psi_velocity,rotor_speed1,rotor_speed2,rotor_speed3,rotor_speed4
0,0.06,-0.011821966881181402,0.009045623303734283,10.018884658130503,0.433678330719772,0.45000663300848665,0.0,-0.6429753587353811,0.45961480433326823,0.4402165343358548,-10.813507998102223,-10.818055942632736,0.0,900.1158634879771,-0.046268369184180716,899.8054369705571,-0.05509672040590431
1,0.12000000000000001,-0.05072261617808188,0.03722852745578652,10.056115740043,5.390450410844014,5.402364514508394,0.0,-0.6351244804594482,0.24012379918072663,0.8126590611247309,-19.275842827957234,-19.278899431920628,0.0,900.2981121725755,0.2356749566503425,900.1050596127636,-0.17614545340245447
2,0.18,-0.0855979084708913,0.04559002522380093,10.103879016428571,2.254745583335289,2.264055275765765,0.0,-1.0923294280641305,0.12285260308847665,0.6686602322132758,-24.352822145534066,-24.354451573770802,0.0,900.2056870363493,0.5300826354263203,900.0985816757682,-0.19827024930156506
3,0.23999999999999996,-0.1842371736026851,0.03131894080589581,10.144701814032429,1.8440862465094625,1.8525561302602132,0.0,-2.2117631574242957,-0.589738342151398,0.6639570545331964,-26.87943770120533,-26.880193414151897,0.0,900.0598582549013,0.6459521536538168,900.0568974467864,-0.1804034439219049
4,0.3,-0.3582856532761679,-0.006307332682328235,10.170613906131196,0.42876634806368763,0.43607637010622025,0.0,-3.5437305547980062,-0.42867998707614363,0.2840969402525704,-28.010909342416277,-28.008671028453172,0.0,899.8330803769376,0.33207741648987665,899.9672260283897,-0.17936255597849873
5,0.36000000000000004,-0.5771445037211448,-0.026917478090848223,10.207411919095941,5.060738118087235,5.068210778548087,0.0,-3.418617906858585,-0.5382419660171915,0.8811452023057771,-28.493434490071223,-28.491391905908696,0.0,899.9346670313346,-0.19954728796328047,899.9927739415164,-0.23572526037873653
6,0.4200000000000001,-0.7423778385040577,-0.06180723931390299,10.248523614573951,3.3534571260268056,3.3611088346615645,0.0,-2.157818764796504,-0.35947188253252904,0.6110811140502392,-28.694618075470647,-28.693772639832066,0.0,900.2147829376731,-0.3581428772387384,900.147728879639,0.002811811705683427
7,0.48000000000000015,-0.8752923439926982,-0.08552752402963473,10.305224347849789,1.6310112277125324,1.6387163830207667,0.0,-2.6016917853123527,-0.6527321337024945,1.083793362310146,-28.77765639668186,-28.777308405620627,0.0,900.4139789795015,0.06370564747005118,900.0645195020275,-0.031278904514974025
8,0.5400000000000001,-1.0702522437791453,-0.11830621135147942,10.359936534502397,6.186926664273753,6.194650274290833,0.0,-3.7305355404183462,-0.28757933319082896,0.9896398457101929,-28.811796479585183,-28.81165357060843,0.0,900.2777021825846,0.08135747111944093,900.1457868542221,0.07187952450382462
9,0.6000000000000002,-1.278897690694648,-0.14659092507548183,10.435339780037804,4.45791852849873,4.4657042601693355,0.0,-2.9471010456628184,-0.7234017539173457,1.2345695336307303,-28.825810080993236,-28.822913905380197,0.0,899.8498985677583,0.20137927122753332,900.10566264803,0.007485445515862681
10,0.6600000000000003,-1.421752300186079,-0.17637956280313957,10.505743167586242,2.7283370354438468,2.7362698129158094,0.0,-2.0671031795738495,-0.29303131033414664,1.4081054652237415,-28.827200181557824,-28.825455434361693,0.0,899.7399617927855,0.4245322523296729,899.7694246148916,0.11683910832100018
11,0.7200000000000003,-1.5720191633034348,-0.2096050949978538,10.59729564827151,0.9987152509940254,1.0068363908196218,0.0,-3.1352581619638618,-0.6999015047497467,1.373619913294985,-28.826773709349666,-28.821634622856124,0.0,899.4826018563452,0.37125659356533075,899.7166913293561,0.22160644404722268
12,0.7800000000000004,-1.7858940233949505,-0.23629374419750082,10.685693318374753,5.552329866720298,5.560759450176334,0.0,-3.680984379986571,-0.38176243246230757,1.7973889407480153,-28.825295047428398,-28.82015188259754,0.0,899.4870780735592,0.1536698403066245,899.6477024232383,0.06534381706347717
13,0.8400000000000004,-1.9725906536876368,-0.2739138248197901,10.790983996633965,3.8228827645833263,3.8314641342703517,0.0,-2.44824225771109,-0.6169466724928278,1.5580992896795334,-28.822403148615706,-28.823859593565917,0.0,899.7154712204393,0.2568395873885714,899.526757642284,-0.027536351873762285
14,0.9000000000000005,-2.104346239121829,-0.2995798463960792,10.899466531669741,2.0935246234463474,2.1019656986275947,0.0,-2.293793492770679,-0.5257909162526601,2.120434097954859,-28.822989376750233,-28.826716853732762,0.0,899.7861802300629,0.09437795620698962,899.620557354225,-0.04879175119309284
15,0.9600000000000005,-2.2809303716262463,-0.3387454053426413,11.016893447745876,0.3639777643752824,0.37228766612700337,0.0,-3.576461980948353,-0.490588401931603,1.8224845488894479,-28.830401602067198,-28.829931475550566,0.0,899.8942549866573,-0.005429984278431216,900.1205324649728,0.021345522122979715
16,1.0200000000000005,-2.4983035104526454,-0.3657840061341936,11.145846469347587,4.917267937708909,4.925741803045646,0.0,-3.326409862521691,-0.6819794244557308,2.362160774652273,-28.833441446882336,-28.827276074938446,0.0,899.6839999193811,-0.30342396594957216,900.2516952093841,0.10066919123442983
17,1.0800000000000005,-2.6581738513164,-0.4046818452637574,11.275814497849336,3.18723192717753,3.196050402539223,0.0,-2.1206381429040895,-0.3945981655664225,2.1689117395012016,-28.834687945224776,-28.829610243711414,0.0,899.8651262097866,-0.1974476343522072,900.4693501931223,-0.008336609691635659
18,1.1400000000000006,-2.7953961410649386,-0.4354780772327073,11.42408159324461,1.4571384785540076,1.4662784129413389,0.0,-2.7568414709921383,-0.7760661243266134,2.5183497875370557,-28.835199045791885,-28.82941703864078,0.0,899.8042565796367,-0.21772602572727492,900.3355462888886,0.09567365782749952
19,1.2000000000000006,-2.997305599372651,-0.47134230261707905,11.568067079823305,6.010206841118687,6.019844535054939,0.0,-3.7557084178589704,-0.3621888157189338,2.5638011979314,-28.835408606814504,-28.82356831990806,0.0,899.4989455946613,-0.3139652827411675,900.2675891218446,-0.010099602494572242
20,1.2600000000000007,-3.2013308548574626,-0.5076147059653355,11.733444979376229,4.2800802719940485,4.290369259840741,0.0,-2.8093523126371345,-0.8119476999965826,2.651975250803745,-28.835494529995206,-28.826177810627087,0.0,899.7639807262344,-0.18667184303370507,900.3088260577307,0.04900683583017347
21,1.3200000000000007,-3.3399069864746833,-0.5408741375904081,11.893973307207467,2.549951562714364,2.560686623713943,0.0,-2.1029169655710347,-0.4211727641414765,2.9661058765157278,-28.835454278030827,-28.831035854547466,0.0,899.964375109398,0.07641734753480396,899.9960068728071,0.0023487185387704736
22,1.3800000000000008,-3.497001172190505,-0.5817116030476844,12.073317611064326,0.8200439532654755,0.8307979808474473,0.0,-3.2750997592428552,-0.7421880522482142,2.8036304971538,-28.826816060280457,-28.83215328015941,0.0,899.9180933585665,0.0952460588141736,899.5397973045776,0.09653370650927548
23,1.4400000000000008,-3.7133457136073433,-0.6128384040954286,12.252649626147424,5.373638163147319,5.384006836620335,0.0,-3.6053319321990407,-0.551027647757898,3.317977989094358,-28.826072712233124,-28.834159740974002,0.0,900.2192618175513,-0.2656595345437264,899.6879346108291,-0.09412140801354607
24,1.5000000000000009,-3.8923729464522885,-0.6575431520307744,12.444426202798224,3.6440063801398708,3.6539377040607164,0.0,-2.326627480732502,-0.6440997682927587,3.016970146932781,-28.82895440340931,-28.83498246883176,0.0,900.2033948856525,-0.4337701535807689,899.8565390987322,-0.4961904452837944
25,1.560000000000001,-4.023560940240448,-0.6893050596787385,12.643450916307179,1.914301399476031,1.9238307118579456,0.0,-2.3965556765461935,-0.7035309967012673,3.5733436362167716,-28.827617052890773,-28.835319806472487,0.0,900.4873840469903,-0.4714841100159498,899.7232467863182,-0.7999777426907931
26,1.620000000000001,-4.207147496126006,-0.7338753318221063,12.846580516092082,0.1845363091264165,0.19370822040674618,0.0,-3.6439357504164525,-0.5244137845851828,3.323301908880208,-28.832299541771604,-28.835458120575886,0.0,900.8017751717789,-0.6032418431149673,900.0345985589427,-0.691671735681492
27,1.680000000000001,-4.421465760987147,-0.7686841417226531,13.065197995890001,4.737964512694365,4.7467646852327015,0.0,-3.1751121152528388,-0.849919833770771,3.766091851109369,-28.82511391452972,-28.835514831311905,0.0,900.8309100321917,-0.4065754325253301,899.5181801710102,-0.7277125178927367
28,1.740000000000001,-4.573489707261847,-0.8122375098827046,13.28087000395101,3.008396170154242,3.0166332396002282,0.0,-2.066391969579575,-0.46527764164469093,3.6875065616928486,-28.827737809791444,-28.835538083452246,0.0,900.7107884197288,-0.04438952514010542,899.8129777849155,-0.7994778800523042
29,1.8000000000000012,-4.7140740027399515,-0.8515733962050447,13.516352333258803,1.2787330332754383,1.286500726703986,0.0,-2.8869064464401757,-0.8919981208905516,3.8823616674594943,-28.827690482582653,-28.835547617122106,0.0,900.7888134078935,-0.1006214662385987,899.7535334612837,-0.9606589978775317
30,1.8600000000000012,-4.9201822568962985,-0.8913560060834749,13.74679113210797,5.832149808556046,5.83955308341501,0.0,-3.721255527069566,-0.4798783155538059,4.076423867945293,-28.83232965539703,-28.835551526044842,0.0,900.9916830189924,-0.2620518024004009,900.0446632786989,-0.8833617962108337
31,1.9200000000000013,-5.116556152407362,-0.9364462920587308,13.997403177821653,4.1021651902701635,4.109419953539611,0.0,-2.637864596665645,-0.8859329939304132,4.0075029174544365,-28.834232063581705,-28.835553128751283,0.0,900.9882491424459,-0.2942844646251322,900.1403713444042,-0.9223541290065174
32,1.9800000000000013,-5.2499415913265635,-0.9740978353847213,14.244555486354201,2.372092726284949,2.3792867501057415,0.0,-2.1332072745770807,-0.5790544174397557,4.430940999410186,-28.835012123096817,-28.835553785880606,0.0,900.8636925865318,-0.07976078968810289,900.094345671692,-0.3441187631252234
33,2.0400000000000014,-5.412671987158031,-1.0222796511209833,14.50671417691214,0.6419843710315165,0.6491535165120883,0.0,-3.3747328708907096,-0.7712422077036829,4.185562906428275,-28.835331965271166,-28.83555405531169,0.0,901.4306925192279,-0.22072581686098044,900.0256966934903,-0.3954354443127548
34,2.1000000000000014,-5.628274283823316,-1.0587735848816007,14.77293658365661,5.195046628375742,5.2022055777321565,0.0,-3.474573219587276,-0.732690703884217,4.736712385237918,-28.835463105863745,-28.835554165781737,0.0,901.1443703018979,-0.23476326683654203,900.0073823856334,-0.43997551394565304
35,2.1600000000000015,-5.7974342466597655,-1.109649783471619,15.046229095884264,3.4649241408688614,3.4720723267024844,0.0,-2.189076234227595,-0.6649693991479905,4.4232195964212275,-28.835241806794084,-28.835554211075813,0.0,900.7369818964232,-0.21342311562059418,899.9854482556859,-0.25669536958797523
36,2.2200000000000015,-5.927601449697172,-1.1480078115233232,15.330517643075678,1.7348052319301974,1.7419390735939881,0.0,-2.485953146936782,-0.8657951970121429,4.9151656062440745,-28.835426139510766,-28.835554229646938,0.0,900.5390119399382,0.26425326963869794,900.0352239916584,0.11943385813241558
37,2.2800000000000016,-6.116134861463129,-1.1967964654312424,15.614732233558701,0.004677857826470344,0.011805819633147863,0.0,-3.655711649072753,-0.5684567646473766,4.760154746870707,-28.83550171864269,-28.835554237261327,0.0,900.2994170082821,0.0647892173650602,900.0624049391205,0.1670194714028096
38,2.3400000000000016,-6.324261565846034,-1.239543098289252,15.917120714528089,4.557799296436926,4.564857872502422,0.0,-2.9833241054851274,-0.986475295629236,5.061343783784512,-28.832785397657105,-28.83555424038332,0.0,900.0401269532699,0.5445362558148825,899.8546517147022,0.3236734338903847
39,2.4000000000000017,-6.467253321903038,-1.286704645012811,16.21367091056557,2.8279590457120207,2.834724618048824,0.0,-2.0112573627837693,-0.5532902018189159,5.116522177172296,-28.827670799899085,-28.835554241663377,0.0,900.0013073586563,0.5876700044808003,899.6429533672806,0.2780961488168567
40,2.4600000000000017,-6.610496126116932,-1.3339961036052124,16.52975968429941,1.0983292059652214,1.1045913635364766,0.0,-2.9892262604576647,-0.9682176311392396,5.154449380645677,-28.826410415296753,-28.835554242188213,0.0,900.108251593444,0.718831057897897,899.6872540850378,0.14857436821800843
41,2.520000000000002,-6.817920966622288,-1.3772493616363837,16.841766394142443,5.65191505975697,5.6576888105809395,0.0,-3.63103692642534,-0.6139610186401848,5.481383584648427,-28.827033615240314,-28.83368117593214,0.0,899.9009063755122,0.47388765255777765,899.7475831854041,0.0014983013442344275
42,2.580000000000002,-7.004093534909,-1.4302288479411118,17.17076296551027,3.922177337912956,3.927650344878808,0.0,-2.442951956683384,-0.9261065416072433,5.275539813681104,-28.832060270962497,-28.834421257751508,0.0,899.98069164546,0.205697313235079,900.0031403429396,-0.21409622733731304
43,2.640000000000002,-7.131798513221063,-1.4722845640162712,17.49872197810919,2.192205194746279,2.1975934921827474,0.0,-2.1556028500267,-0.7413001982276938,5.763547596183707,-28.834121602442167,-28.834069826434533,0.0,899.9460457999413,0.33559949246425885,900.2346915018661,-0.2571088415188609
44,2.700000000000002,-7.298645669215737,-1.5265351517106212,17.837074235132057,0.4621378192366299,0.4675472414338602,0.0,-3.425819496673681,-0.7870792884507527,5.4905674570264384,-28.834966830957406,-28.83415610416012,0.0,899.9582336069949,0.23957714460426294,900.232975725159,-0.1690993956612779
45,2.760000000000002,-7.510286050674992,-1.5689493934892833,18.18375375742653,5.0152168530479155,5.020663583594862,0.0,-3.295122005554874,-0.9111486534833045,6.016943317244715,-28.835313394649962,-28.834980977636143,0.0,900.0575537569088,-0.12261849002869603,900.4515057413975,-0.13130555425393003
46,2.820000000000002,-7.667943472995273,-1.6248350292893992,18.53193289203761,3.285094656062425,3.290567047462986,0.0,-2.0461274317206004,-0.690709497390051,5.742996161555287,-28.835455491632846,-28.83488389143129,0.0,899.9769714291542,0.11195567027410476,900.2216698259864,-0.11234852831418449
47,2.880000000000002,-7.796699231223832,-1.6702087683619042,18.89400491685197,1.555019661718152,1.5604645871232012,0.0,-2.5583040580409757,-1.0059893645634879,6.122436769767061,-28.83330045218938,-28.83527938783857,0.0,900.1735493052295,0.2474514394833463,899.882905454397,0.10598722820284431
48,2.940000000000002,-7.987812660189326,-1.7224938723482477,19.253088535961517,6.108182601011681,6.113529259179359,0.0,-3.61111817691165,-0.6343662127368449,6.0907617291680936,-28.834326442403455,-28.835441548324294,0.0,900.4108525774795,0.469021895421674,899.9839343200916,-0.35877501777567267
49,3.000000000000002,-8.186915452604739,-1.7734027126809704,19.631249268460095,4.378222147407634,4.383401177641666,0.0,-2.761072497696211,-1.091668119541198,6.226155423169172,-28.830299063139062,-28.83550803646607,0.0,900.4969776982821,0.5379005247813449,899.748593538969,-0.269737666402983
50,3.0600000000000023,-8.320182666734716,-1.8238445109030113,20.002071578343124,2.648568247336806,2.653270043902417,0.0,-1.9567970189558348,-0.6651326891484022,6.4114725622081465,-28.823752503802602,-28.83553529747887,0.0,900.1996149059985,0.7774076885622115,899.4895477686117,-0.42661313616173824
51,3.1200000000000023,-8.46527675599008,-1.878608267069007,20.390550748772785,0.9191278110191856,0.9231376588777067,0.0,-3.0589802462261773,-1.015078781578944,6.318286940649237,-28.824395039195252,-28.835546474838317,0.0,900.091347823148,0.7208424948701235,899.6656512081098,-0.32827043101705167
52,3.1800000000000024,-8.671144938532745,-1.9256286732264076,20.777361234643905,5.472770658560584,5.476328128846221,0.0,-3.491538988112678,-0.7657898182590954,6.743770053819694,-28.827773990010893,-28.83000230166687,0.0,899.7064176413917,0.5691367042681046,899.8304918698102,-0.5012161936733923
53,3.2400000000000024,-8.845106127265968,-1.9855826858436776,21.176486704789475,3.743240860202876,3.7465338560646657,0.0,-2.234392186235193,-0.9442231206225988,6.438939633135189,-28.822280242618604,-28.829757378613657,0.0,899.8137569937949,0.5133675200968071,899.4664387976612,-0.3893782009532195
54,3.3000000000000025,-8.967032883802874,-2.032483387979526,21.577592975208148,2.0140774519507705,2.0167417918957966,0.0,-2.1718370309880313,-0.902269682097494,6.939554975890194,-28.81537701023385,-28.830034943685625,0.0,899.8337571037104,0.41337890557522877,899.2203174148608,-0.037658149436237964
55,3.3600000000000025,-9.136493470154667,-2.091665309004875,21.98442319930561,0.285154362240581,0.286863727107745,0.0,-3.428497287715758,-0.803802600526738,6.69163103196446,-28.815396638721523,-28.83329109035677,0.0,900.2697132413933,0.2963118961912026,899.3712778523665,-0.1885931823972441
56,3.4200000000000026,-9.341339785732869,-2.1405120726986557,22.403262871164618,4.839433748439719,4.840019965046018,0.0,-3.0766044360168303,-1.0729173884324967,7.135234261041538,-28.81465278047397,-28.83462629349122,0.0,900.0578657506045,-0.1618589263061408,899.3314794374943,0.15496878227355004
57,3.4800000000000026,-9.486511808269515,-2.200160050294015,22.818574907223297,3.1105983352893674,3.109929352810603,0.0,-1.909281220592462,-0.7280025828870469,6.943305533105443,-28.81284629833567,-28.83517376720082,0.0,900.0259583174194,-0.2454335259078917,899.2520137948006,0.3306388714997247
58,3.5400000000000027,-9.613726906469703,-2.2523006534353867,23.249450561542314,1.3817735783690912,1.3798987195861159,0.0,-2.6157410267626138,-1.1084928836283878,7.184276459957445,-28.81514356600632,-28.831914202561727,0.0,899.8156712983647,-0.22565541910144907,899.4128433018159,0.4184636929042225
59,3.6000000000000028,-9.805179190496892,-2.3070173925521216,23.675972855897825,5.9360682955293,5.9332491738472655,0.0,-3.51801171486889,-0.7096126050937924,7.281206905530711,-28.814393640102068,-28.8286463329047,0.0,899.7134819618343,-0.06148666092780317,899.3232592496117,0.25813278059783407
60,3.660000000000003,-9.9929849267072,-2.3649794077218447,24.120602072115357,4.207084753747848,4.203638659196683,0.0,-2.5192936591279516,-1.146617581885621,7.252811370833839,-28.819611631065982,-28.824259084686904,0.0,899.552233437239,-0.24221661967734806,899.6156966047248,0.28693695054244006
61,3.720000000000003,-10.116373274779829,-2.4174893888974633,24.557832416169173,2.477879578954532,2.4742094295889974,0.0,-1.9038142538434688,-0.7709385791835613,7.544791761256026,-28.820813642767643,-28.823166974590677,0.0,899.5896688517334,0.2353327280701071,899.5660197512858,0.20250183790532544
62,3.780000000000003,-10.262540935919764,-2.477492614489318,25.00969997399841,0.7485573035627509,0.7449351431247244,0.0,-3.0943364299690845,-1.0152479271715558,7.364277221451026,-28.823959720514516,-28.81848677963079,0.0,899.3656768309124,-0.019180578429905486,899.7064053904887,0.16152001357932147
63,3.840000000000003,-10.464250582910484,-2.527128646847402,25.463138164070568,5.30214977402656,5.298939365791668,0.0,-3.311627974014021,-0.8979830683510789,7.841371940360006,-28.83079958728784,-28.82156366625919,0.0,899.6301289648387,-0.05581614570691608,900.0189083267063,0.04364297142633382
64,3.900000000000003,-10.624651765061314,-2.5911331828896875,25.923523325503638,3.572236131491021,3.5697639685084184,0.0,-2.022976278915741,-0.9208073999220404,7.48722304939379,-28.83360464796522,-28.816778201202588,0.0,899.3100529552764,0.012139006123248584,900.0856666750884,0.11740985328972077
65,3.960000000000003,-10.740857638546112,-2.641375794376096,26.38900366744622,1.8421925898434743,1.8407825695554827,0.0,-2.181288845509518,-1.0192605831241972,7.952473497871933,-28.8347548634127,-28.815728146402382,0.0,899.3583946388807,-0.0643560765205115,900.1118116912719,0.021661075670443217
66,4.020000000000002,-10.911292020313834,-2.702489566534209,26.856282582412764,0.11209606306967768,0.11192275628715809,0.0,-3.3841582460693367,-0.7987456701586308,7.769620448855029,-28.835226483698577,-28.81230539858113,0.0,899.2000224237663,-0.22675410921864328,900.2857128894557,-0.009792857467511481
67,4.080000000000001,-11.107043286361424,-2.7562085170143864,27.338132768861747,4.665183827201357,4.666247314331663,0.0,-2.8327666718620526,-1.1784681052612074,8.088741637844828,-28.834558539814154,-28.81763696182045,0.0,899.5565439832151,-0.3516469013929537,899.9544337604921,-0.24673674343792473
68,4.14,-11.239347083685255,-2.817039279144973,27.81256557400886,2.9350963326235835,2.9370532712182005,0.0,-1.7808950713101053,-0.759580414802626,8.004556270631657,-28.83514598662679,-28.82357976452155,0.0,899.7552529107852,-0.3307174848553963,900.0152085396447,-0.3098514897373078
69,4.199999999999998,-11.364642475103784,-2.874408729741176,28.303042723395254,1.2049818257149125,1.2074784240987375,0.0,-2.650835741900548,-1.1603249380723686,8.10788752746992,-28.835386851677693,-28.830643750103242,0.0,900.0208195256508,-0.12843614848745322,900.2707241206433,-0.10880776989952887
70,4.259999999999997,-11.55415821095076,-2.93042579604642,28.789378922058003,5.758067109451631,5.760757333780279,0.0,-3.3865381192841864,-0.7915559115564134,8.324768453423703,-28.83442370822222,-28.833540744304596,0.0,900.1685053719987,0.06456726740275685,899.9438218735914,-0.05706003595887735
71,4.319999999999996,-11.729103613382877,-2.9945097177979374,29.2911780371203,4.028053936848728,4.030810409927483,0.0,-2.2695385536286894,-1.168213622569722,8.148448941261337,-28.832272111818842,-28.830853103837242,0.0,899.794957317277,0.1264313241421666,899.8508812037724,-0.22259963655026518
72,4.379999999999995,-11.842849534171815,-3.0493869736039967,29.786882261400752,2.298083025981647,2.300974860653671,0.0,-1.8504938326243985,-0.8949307993577649,8.520357928024866,-28.833734624407963,-28.830202087038092,0.0,899.8188258951393,0.5106069929662863,899.9749329550929,-0.2902951790634432
73,4.439999999999993,-11.98928105891097,-3.114550193624262,30.293589357867244,0.5680334887556517,0.5710890127842791,0.0,-3.0956285050888384,-1.0201546903348837,8.297428412415037,-28.834808158113653,-28.8333596314404,0.0,900.0249736930689,0.6951393617569059,900.0031220107892,-0.24952669110182307
74,4.499999999999992,-12.18456753621267,-3.168795098902753,30.805479600283398,5.121163458837959,5.124242086141312,0.0,-3.097215726675033,-1.0650149833453495,8.774677532563,-28.833435223344495,-28.834654397900856,0.0,900.1126684818965,0.6544837607663667,899.9040787918976,-0.6208764723618301
75,4.559999999999991,-12.330527004770044,-3.2376880776338814,31.318576001631044,3.391164773995719,3.3941501808588583,0.0,-1.81828464645408,-0.9321374263091265,8.423081113697316,-28.833125178140097,-28.83518529064332,0.0,900.5059916861596,0.2736258339928953,899.9174593168631,-0.5132306263819648
76,4.6199999999999894,-12.441393203091131,-3.294146016207404,31.83978462972332,1.6611433674111185,1.664033868165797,0.0,-2.191604955813342,-1.1662461652705267,8.808714236952753,-28.834558263052983,-28.835402966978737,0.0,900.6559416540607,0.3166311478874497,900.1574835471873,-0.3571840413302285
77,4.679999999999988,-12.611544605552888,-3.3591565238805177,32.35975834625536,6.214241192749142,6.2170928651707005,0.0,-3.300887573099032,-0.8572354051473878,8.7208890996315,-28.835145873148207,-28.83549221758395,0.0,900.6307095893987,-0.050616819692262345,900.2033562222449,-0.4728517757871934
78,4.739999999999987,-12.796156928490348,-3.4210710114511276,32.895582535792975,4.484126691054408,4.486962457562978,0.0,-2.565556884699635,-1.3052809661498592,8.885265633832153,-28.835386805149554,-28.835528811533624,0.0,900.6994219443311,0.260540721669635,900.208509717576,-0.45976947797046985
79,4.799999999999986,-12.915439682115338,-3.4854868193944553,33.42143546117481,2.754001122962908,2.7568303702360435,0.0,-1.666197306129908,-0.8625416672701607,8.923399974917725,-28.835485591006787,-28.83554381551964,0.0,900.7037188382,0.5527988449633152,900.3127816935479,-0.3689882107010394
80,4.859999999999984,-13.039238881460706,-3.5508410091667963,33.96259251158577,1.0238710195430158,1.0266975942504697,0.0,-2.6785938060633088,-1.2310807903622658,8.901468141450495,-28.83552609455087,-28.83554996734086,0.0,900.3453571130538,0.3896514331505794,900.2506777553855,-0.07254374465729474
81,4.919999999999983,-13.22517999920364,-3.6110294269521543,34.50114910638142,5.576924364103736,5.579749843093872,0.0,-3.221513659285228,-0.9381830507092251,9.22207687539361,-28.83554270152258,-28.83555248966348,0.0,900.1890842064265,0.052158925378753655,900.0211399023425,0.060060030082742466
82,4.979999999999982,-13.385632203146331,-3.6831467189158444,35.0510677810088,3.84682643795416,3.8497140729883057,0.0,-2.009268555508294,-1.2032061928923232,8.924448474244791,-28.83410897141867,-28.831594421835838,0.0,899.7905342870914,-0.2822911529322796,899.9237898799707,0.020209916783773076
83,5.0399999999999805,-13.490213904267799,-3.743065931977536,35.597335399826974,2.116779734975678,2.1199390676446868,0.0,-1.8079820656892243,-1.0629018071015452,9.341180396460839,-28.83411586124304,-28.826721879198388,0.0,899.6185829888124,0.016105848268145307,899.955255463035,-0.22738217261041796
84,5.099999999999979,-13.636691070787004,-3.8145199286618414,36.150626303375,0.38691347814552923,0.39044230827736826,0.0,-3.068222863528394,-1.0528693141718077,9.118126207573482,-28.826936896099113,-28.822401877133192,0.0,899.4957162708215,0.05305863783333887,899.5752400433469,-0.00019057561892951572
85,5.159999999999978,-13.823572218828303,-3.8758229274184925,36.712542586343446,4.940465364723369,4.944330894159453,0.0,-2.8489202797751014,-1.2561635796924324,9.540403553537397,-28.827660588344166,-28.820447406015678,0.0,899.4860607921757,-0.14598638809798348,899.769332181966,-0.01760061859801151
86,5.219999999999977,-13.95442387088681,-3.950063098346808,37.27023374800261,3.21069823384644,3.2150397052755935,0.0,-1.6279611394320892,-0.9794184683949094,9.242760811717808,-28.832317395732886,-28.82319495692116,0.0,899.6738885896118,0.07788497125057851,900.026790020903,-0.2297753498728707
87,5.279999999999975,-14.060543172099894,-4.014441656501775,37.838443456090204,1.4807823749258677,1.4856311802982693,0.0,-2.2047677184364347,-1.3114683549427613,9.515301867678582,-28.83135435042102,-28.82390263050334,0.0,899.6516967033554,0.127309006956839,899.8480209238855,-0.420440882495986
88,5.339999999999974,-14.229160125109884,-4.084015603951828,38.403555664397494,6.034028272298818,6.03929419596563,0.0,-3.183938540062113,-0.9544480270446709,9.536086930900483,-28.833832135699808,-28.827695748155122,0.0,899.8370377565487,0.029746465855967522,900.1013973759624,-0.09485309229295563
89,5.399999999999973,-14.401042721814024,-4.1553005787644475,38.984210967231974,4.303974238418542,4.309537230296316,0.0,-2.288233402458834,-1.416547683489264,9.539117560433438,-28.834848140888596,-28.83180358529297,0.0,899.9720565631926,0.15977406484970796,900.2189696674852,-0.18306818196842478
90,5.4599999999999715,-14.507741092327372,-4.224240934388371,39.553941028357144,2.5738734219210784,2.57960155868264,0.0,-1.5626934683513878,-1.0030027110609794,9.692834655756451,-28.835264729399984,-28.83296205857926,0.0,899.9442258010044,-0.14493081356511,900.4880171342435,-0.07054451214953937
91,5.51999999999997,-14.630088276828051,-4.298277151690038,40.13716508262395,0.8437534600731365,0.8496087522397602,0.0,-2.686866137594917,-1.299550814103605,9.578602089407108,-28.835435538138082,-28.833595976361128,0.0,899.952631200422,-0.03515124626868616,900.1829983304426,0.14721598283272835
92,5.579999999999969,-14.810646049516283,-4.364394403751093,40.72030551350936,5.396810961645183,5.402767115268759,0.0,-3.0281160262400406,-1.1244637704216482,9.969615350208164,-28.835505572208195,-28.834065519209855,0.0,899.9637202534778,0.0185364962401554,900.1582753500717,0.09033587629648387
93,5.639999999999968,-14.95582668381509,-4.445006130579406,41.309796740043694,3.6666799410203303,3.6727569177678543,0.0,-1.7562300986721335,-1.2470117630281914,9.594425911430033,-28.835534287101616,-28.832668749039808,0.0,899.8796375147524,-0.15790517102889687,900.213945807316,0.20113754634667214
94,5.699999999999966,-15.052060819521342,-4.51205595834683,41.89874124016317,1.9365735040821406,1.9427566088476613,0.0,-1.7746144977975513,-1.2568648347032756,10.01282845825172,-28.83447088109456,-28.83437110783051,0.0,900.0210665747513,0.0003847557461849528,899.9431193746791,0.11772396519556887
95,5.759999999999965,-15.197951819603112,-4.590566393771799,42.49108277337361,0.2064900439229751,0.21267774181993637,0.0,-3.008731776242187,-1.1220119833395228,9.82900270273854,-28.835110044448218,-28.835069134910107,0.0,900.2562714446718,0.18459604278029476,900.0926697582162,0.15182043705665627
96,5.819999999999964,-15.374843783506597,-4.661257569489525,43.094815269861456,4.7596295185458,4.765752073516927,0.0,-2.5808548898809622,-1.458973896088351,10.14910884647025,-28.832613846704064,-28.835355341144144,0.0,900.1924734847154,-0.200862801048567,899.8540722349978,-0.04007913585581868
97,5.879999999999963,-15.490776774389833,-4.7416967277412825,43.68989467369383,3.029631749121261,3.0356279502123975,0.0,-1.461872629594097,-1.077447192708621,9.945463723046522,-28.83434859539385,-28.8354726903138,0.0,900.0949044219689,-0.09557107875422126,900.0126319342476,0.1885912926290434
98,5.939999999999961,-15.59303191190541,-4.815970028313836,44.297047992965105,1.2997123078159865,1.3054984390042126,0.0,-2.2215233782773756,-1.4584024468800842,10.09339762998151,-28.82866826353557,-28.835520805097666,0.0,900.445230199582,-0.3277068719516839,899.6618158801224,0.22395799728642754
99,5.99999999999996,-15.759040134856377,-4.891555422865458,44.90060361150179,5.853083950534359,5.858552026350638,0.0,-3.042355419533606,-1.0985408704520288,10.225654034309082,-28.832702546462922,-28.835540532780087,0.0,900.545350994604,-0.04960274510772073,899.9985139101701,0.27145144086493433
100,6.059999999999959,-15.916957828307403,-4.973605801173902,45.51786220147901,4.123082078506187,4.128419401035121,0.0,-2.0064683742879215,-1.520087623892623,10.076256587734004,-28.834384966283118,-28.835548621376958,0.0,900.6019486737118,0.2784998635269536,900.0523612078994,0.11934478695903011
101,6.1199999999999575,-16.011917168251944,-5.048612116854519,46.124861089168185,2.393096158722262,2.398286404474348,0.0,-1.4754316267056162,-1.1812835992770503,10.330410093734011,-28.831229822267087,-28.835551937801707,0.0,900.3973351988552,0.7545348930222717,899.796573397239,0.31131270911641296
102,6.179999999999956,-16.1333362458192,-5.132022057500078,46.74271340120594,0.6631805366058519,0.6681532557007568,0.0,-2.682533035292097,-1.3722053146667679,10.159341884969844,-28.83300298472217,-28.83555329757666,0.0,900.3797042309566,0.6486015027622369,899.9588379370277,-0.08068424213303282
103,6.239999999999955,-16.307132991734807,-5.205843061155556,47.363601233661065,5.2165495050061175,5.221205351698014,0.0,-2.807988588834512,-1.3436443181750617,10.579385317048716,-28.82646429292156,-28.835553855101082,0.0,900.7044946317317,0.44016758249899424,899.5743809621212,-0.16857799771590484
104,6.299999999999954,-16.436546166972835,-5.294902555556275,47.98538713485571,3.487014288925451,3.4910721149274018,0.0,-1.519084061119976,-1.3004012641554308,10.177848573319153,-28.824296712081843,-28.835554083692937,0.0,900.5827993072575,0.5080098176377288,899.6015875848765,-0.45841770393890846
105,6.359999999999952,-16.52568525793624,-5.370454732715209,48.60997526922594,1.757603595082088,1.7609388676652937,0.0,-1.7622781178826799,-1.455472096867381,10.551536681566358,-28.822353750451658,-28.8355541774184,0.0,900.7743960824819,0.3014853793903695,899.5458153889072,-0.6705400578044803
106,6.419999999999951,-16.670756322804646,-5.455782684557274,49.23489181609102,0.028261871822185647,0.030805616101543087,0.0,-2.922329547524324,-1.2122312946573184,10.43693642911591,-28.82237459736535,-28.835554215846987,0.0,900.5409528678707,0.3889722450445601,899.5890964584031,-0.4563099788340568
107,6.47999999999995,-16.83629789331982,-5.53660132610296,49.87292093312637,4.582101937453491,4.5838576699536535,0.0,-2.298951419202553,-1.6361055368497057,10.6213055452896,-28.822490400308897,-28.83555423160318,0.0,900.2962519634427,0.47568011450720554,899.5947721137854,-0.3874643835108446
108,6.5399999999999485,-16.937852291729044,-5.622585914059879,50.49918059164207,2.852877134506482,2.853724415903029,0.0,-1.3214358053145183,-1.1960046562530269,10.532527257350896,-28.81746314286977,-28.83555423806341,0.0,900.1563750241705,0.5122530990334023,899.326184814304,-0.4604491119918398
109,6.599999999999947,-17.037283588926186,-5.706455529833666,51.137995374212856,1.123844037069631,1.1235911615559049,0.0,-2.24016823341241,-1.5701754465250155,10.56505360283396,-28.816851275518022,-28.835554240712185,0.0,900.0837530106177,0.438061237464081,899.4029660844583,-0.7407798673125187
110,6.659999999999946,-17.199662192026466,-5.787541949168663,51.77396872855825,5.6779009536805205,5.676696030276407,0.0,-2.881683855590216,-1.2495092311216138,10.798758563759396,-28.821951027279518,-28.83337971070385,0.0,899.8849566352241,0.5453705968314075,899.6861297099775,-0.5198725239556483
111,6.719999999999945,-17.34283711776899,-5.8789543931607575,52.42049129826204,3.9484555557170076,3.946706671055395,0.0,-1.73020410467005,-1.579386424394968,10.521963601161518,-28.827551209087314,-28.832820482969296,0.0,899.9025434178527,0.18870145135667094,899.8717412911126,-0.4678659768312339
112,6.779999999999943,-17.427310981855257,-5.959302424872558,53.05876603184581,2.21869355194076,2.216746524674381,0.0,-1.407578157701355,-1.349147859703384,10.849324559251668,-28.83227253907847,-28.832441593611666,0.0,899.8946298135676,0.29224072072634005,900.1066288945423,-0.4329294478112974
113,6.839999999999942,-17.548163147511655,-6.049917553291752,53.7048620789633,0.4887115779497133,0.48684383526541275,0.0,-2.659763181169825,-1.4137271466852974,10.658837568659278,-28.83420864309268,-28.83063317339258,0.0,899.8071688161853,0.3710717551813889,900.0773546768271,-0.23553685240747196
114,6.899999999999941,-17.713948178018025,-6.130499087883057,54.35716908677629,5.041825499901066,5.040344907809567,0.0,-2.56599836852819,-1.537041587329487,11.058515969669282,-28.83500252005644,-28.82448016494167,0.0,899.5208078212235,0.03711325342793636,900.0209253112259,-0.013092033665316775
115,6.95999999999994,-17.827719424825446,-6.225134088473586,55.0052039690776,3.311731970815096,3.3107274586837416,0.0,-1.309175374282793,-1.3324312679840087,10.6846563879281,-28.8347260676977,-28.83101304250414,0.0,900.0399999698138,-0.2162266166151519,899.9681547694837,-0.13514274841129445
116,7.019999999999938,-17.911036767825486,-6.307758359923055,55.659143747042634,1.581636768539445,1.5808325931453728,0.0,-1.7657823075987373,-1.603618898039084,10.977075184524749,-28.83521467683783,-28.832454143105394,0.0,899.9345052130421,-0.5086491037438146,900.1783241472831,0.14251896420861418
117,7.079999999999937,-18.05475468368114,-6.39729959705378,56.31132892259363,6.1347044130304225,6.13406076356832,0.0,-2.812994422467446,-1.2861970810875274,10.950246755915556,-28.83541501579626,-28.83286905972146,0.0,899.9251926819016,-0.3765572060410474,900.0590386789828,0.2396642698032902
118,7.139999999999936,-18.207974401932898,-6.486421701935207,56.977064548510306,4.404577549645669,4.404051192467417,0.0,-2.0159767439671925,-1.7456739611162335,10.986171290176879,-28.835497157766593,-28.83445324396597,0.0,900.2066662888355,-0.3804959547592171,900.2362468982377,0.6336201132198347
119,7.1999999999999345,-18.296149870945815,-6.575636582333219,57.62951376246974,2.674446915266252,2.67396854415653,0.0,-1.2024216709474278,-1.3018956131550223,11.017846515932067,-28.83553083707239,-28.83510281279177,0.0,900.4431499622726,-0.2246057516465696,900.1007690148288,0.5733241316748828
120,7.259999999999933,-18.39360825313107,-6.667007153022639,58.294014318978746,0.944314734968752,0.943856021046459,0.0,-2.254215589819374,-1.6278320540593036,10.958388115520709,-28.83554464601592,-28.835369149666537,0.0,900.2342421504504,-0.3358120132657791,900.0524962553563,0.5083164646599602
121,7.319999999999932,-18.551284249372817,-6.752261138460426,58.95750985149825,5.497367228045142,5.496916570836785,0.0,-2.703892546211109,-1.3949821864881367,11.275095518920192,-28.83555030785461,-28.835478352007186,0.0,900.3804383315513,-0.31798882640805504,900.2623454431825,-0.16417986574743348
122,7.379999999999931,-18.67932344673852,-6.85090199188865,59.62729154137402,3.7672549991333266,3.7668417700201715,0.0,-1.4672762440668208,-1.5966755862084194,10.902814727842166,-28.834686148810967,-28.83325988464174,0.0,899.8802631775179,-0.5239440452827973,899.9541605033144,-0.13902501713136056
123,7.439999999999929,-18.75473552098171,-6.936126243690603,60.29185621213756,2.037222074911222,2.036948531854053,0.0,-1.3622157963760837,-1.5113311834811367,11.268018202896593,-28.832697138576183,-28.82910536250399,0.0,899.7085710889563,-0.11596893270633603,899.867675343633,-0.13344970619876134
124,7.499999999999928,-18.875207086657596,-7.032471862791008,60.96108305577328,0.30727540695009914,0.3072832216968786,0.0,-2.6149245995381665,-1.449296662840882,11.092357797922269,-28.832065880239135,-28.82579704338771,0.0,899.6236612125845,-0.29569889001193245,899.8774278872824,-0.019138154405813013
125,7.559999999999927,-19.03183567766663,-7.120175739638304,61.6393064780393,4.860648220350402,4.861010871442726,0.0,-2.306951905043868,-1.7200244320916256,11.418781351571907,-28.82755334751113,-28.82212446297013,0.0,899.5011108666283,-0.34868113160714653,899.652352494155,-0.12772712630111127
126,7.6199999999999255,-19.130512205967612,-7.219401832375322,62.30861209860066,3.130947932500444,3.1316750342344832,0.0,-1.1323701119659004,-1.385514378241253,11.119266698387843,-28.829552644065167,-28.822475509349026,0.0,899.5994139450823,-0.26641860612155244,899.8560625266189,-0.014623138307559068
127,7.679999999999924,-19.209411320727266,-7.309755587484566,62.9863348041913,1.4011080533212477,1.4023502923395599,0.0,-1.7827199686690602,-1.7339641908563765,11.30687437205612,-28.832403705158686,-28.82148750013419,0.0,899.5395075021063,-0.13607219052855374,899.9635192151002,-0.11873220428106235
128,7.739999999999923,-19.351186291400175,-7.403614607894145,63.66122787976055,5.954317823161888,5.956267356754789,0.0,-2.6865176981714205,-1.387433779280677,11.376008057666244,-28.833726593698387,-28.820614272101068,0.0,899.5147435664105,0.01967135771259217,899.9716535016975,-0.20317473114129453
129,7.799999999999922,-19.49136799574821,-7.501689338652193,64.34865065018535,4.224418139395631,4.2269879306691465,0.0,-1.7393695734399404,-1.833913434204424,11.264570465918078,-28.828727307985634,-28.822419224668163,0.0,899.629218182341,-0.06527429095588916,899.6784379756909,0.13266685797706074
130,7.85999999999992,-19.567547878695358,-7.595010745302442,65.02281575430565,2.4948063975810975,2.4975949374278805,0.0,-1.1053509491881206,-1.4397995242824015,11.408785085367064,-28.824197519121228,-28.824451044763485,0.0,899.6975535478597,0.17594755422073888,899.5472175377815,-0.11328395288391996
131,7.919999999999919,-19.663865974792387,-7.694463703150579,65.70753746886038,0.76540905123887,0.7680961961798713,0.0,-2.2597041257927715,-1.6861706525840543,11.284669177784163,-28.821954410830745,-28.825789514225892,0.0,899.7242776535143,0.1122647935198502,899.5268345920349,-0.03157238545607145
132,7.979999999999918,-19.81581408534939,-7.785626026699082,66.39371678554748,5.319325792239319,5.321761281847204,0.0,-2.5092877947124737,-1.5789016540416636,11.651722439739665,-28.81994680127441,-28.824663091692866,0.0,899.6356222776952,0.36486791337107255,899.4692811794353,0.07524878274020029
133,8.039999999999917,-19.928817032792423,-7.89183214525763,67.08132537218006,3.590204502070259,3.592227376414966,0.0,-1.2288685493388845,-1.628634159603649,11.228736910995186,-28.816857777063724,-28.826966283243966,0.0,899.7819402408134,0.5389834174898824,899.3493765085116,0.10998716321777348
134,8.099999999999916,-19.996712456789382,-7.983914046792195,67.7671758416954,1.861162700929027,1.862721475053025,0.0,-1.3397866692905611,-1.6942359659839743,11.587386628045238,-28.81813897478785,-28.82242942745638,0.0,899.4918687764743,0.29929034828363066,899.484263088584,-0.1374585164873507
135,8.159999999999915,-20.116696217791944,-8.08659059054722,68.45486114742856,0.1320541167046665,0.13332640282459263,0.0,-2.547007694561544,-1.5197428698405377,11.455877724126822,-28.818991339289525,-28.82452453756052,0.0,899.701220863537,0.6812682920206747,899.5015542640259,-0.18989798842196598
136,8.219999999999914,-20.2633123509161,-8.183232648826232,69.15357619948824,4.685912344350056,4.686946967238773,0.0,-2.042720327050817,-1.9002852553641962,11.673197269886812,-28.827355470520583,-28.82854567224583,0.0,899.8685086581601,0.3013569104861198,899.9256123028091,0.010576630069333405
137,8.279999999999912,-20.347904594606465,-8.287625835362057,69.83996534274628,2.956159519400728,2.9572863234600497,0.0,-0.9868006334679,-1.4824775395895127,11.47661297458456,-28.832192265959165,-28.826400214052658,0.0,899.6677271347645,0.16883779457031323,900.0787941994175,0.14414433518262462
138,8.339999999999911,-20.42360298396444,-8.387033430174249,70.53638313442701,1.2261813076482646,1.2276762010404134,0.0,-1.8045750831013132,-1.8565675365599454,11.560652315445859,-28.834174999033873,-28.827503144008126,0.0,899.7727028641835,0.30183746128042904,900.2454975199189,-0.17221504198855533
139,8.39999999999991,-20.56268861077259,-8.486255196680558,71.2300477316694,5.779296777312588,5.781336376095587,0.0,-2.5479475480816514,-1.522889496283097,11.723724186855552,-28.834977878795335,-28.822447740327966,0.0,899.4818138783443,0.5155570655352266,900.1845191620826,0.1256149562341967
140,8.459999999999908,-20.689346447896657,-8.593912839542925,71.93401441012871,4.0491899960993365,4.051929300278655,0.0,-1.472199535160986,-1.908610477056906,11.483865111095804,-28.835317924471536,-28.825015293915456,0.0,899.7267906844446,0.7224873127234772,900.3064166100926,0.35248820922351587
141,8.519999999999907,-20.75491734462093,-8.69254017450829,72.62625608553265,2.319067591079314,2.322461686747541,0.0,-1.0286283010819783,-1.604211746472826,11.723293337631322,-28.835457348927424,-28.823636053433464,0.0,899.5980776142068,0.6360237557583209,900.3778546538639,0.1661452243916915
142,8.579999999999906,-20.85075729190684,-8.800221448687122,73.3269395237381,0.5889387841505629,0.5932401169340293,0.0,-2.2541499007238217,-1.746330132457805,11.564084723784628,-28.835514514925734,-28.815857573018185,0.0,899.2163127435307,0.4407225604771649,900.4771457807242,-0.0393616632091697
143,8.639999999999905,-20.996056473722362,-8.898634439516583,74.03189917232051,5.141993406947565,5.147512380729182,0.0,-2.296415869955404,-1.7863698405876722,11.941532198930714,-28.835510235459154,-28.814272787530758,0.0,899.302898297701,0.5464107710045797,900.0302155532936,-0.012009832341039263
144,8.699999999999903,-21.094214118124647,-9.01211915114273,74.73338096183521,3.411891739965256,3.418635324601347,0.0,-1.0172080915584853,-1.6762886774549235,11.518514466083746,-28.834309945040552,-28.815143951707103,0.0,899.3818842726404,0.6220631439160743,899.9351267718289,-0.1094654493599175
145,8.759999999999902,-21.156017792795854,-9.112437521144416,75.43668795525299,1.681937006936879,1.6896021813408701,0.0,-1.3398001267767372,-1.881984048735133,11.828897666911239,-28.83009600212444,-28.820569971560516,0.0,899.6501174187234,0.6198438364475851,899.7382065350662,-0.034168777576343304
146,8.8199999999999,-21.275397319950685,-9.2217195120061,76.13957619078629,6.235241405724924,6.243425303619038,0.0,-2.4602088925076724,-1.621607732177995,11.765199056814025,-28.833316128849855,-28.826154260495475,0.0,899.8278059245192,0.5037948281509133,900.007331772158,-0.012664078802291678
147,8.8799999999999,-21.411225860476346,-9.328791361090634,76.85449753936952,4.505235219346538,4.513755255397228,0.0,-1.7771201104315146,-2.0704978705076753,11.847215127130706,-28.833660073646406,-28.830554411682343,0.0,899.9407625468632,0.3176574757885919,899.9496667144724,-0.06282487299016067
148,8.939999999999898,-21.48280167896488,-9.43916515524705,77.5549528796756,2.775189120758128,2.7839071200358223,0.0,-0.8672020141092162,-1.6235230236595897,11.76991717374387,-28.834777589824306,-28.831179376321714,0.0,899.8770133434213,0.3416752307478615,900.1422239411744,0.25724626618511637
149,8.999999999999897,-21.556504867418663,-9.549175888364756,78.26606403391246,1.0450915487241401,1.0539973649647383,0.0,-1.8296856719797179,-1.9823584959013365,11.761468321617448,-28.835235802008153,-28.83283064492308,0.0,899.9508150201965,-0.12080173877705548,900.1464763465103,0.28039048032304525
150,9.059999999999896,-21.692218366722194,-9.65572720648727,78.97552667700351,5.598158221858096,5.607199792034329,0.0,-2.398799842184353,-1.70935615100282,12.01131884073797,-28.83539145135463,-28.833345824344434,0.0,899.9439635974703,0.020424050582442555,900.2893470080609,0.08747476939560236
151,9.119999999999894,-21.805052903594987,-9.774481338282328,79.69186447401711,3.8680324404291184,3.877168195646819,0.0,-1.2184357517934121,-1.994757949086286,11.664694541001845,-28.835487496016487,-28.834648736479004,0.0,900.1664354093164,0.3015803271634812,900.5755140709355,0.2801924449574543
152,9.179999999999893,-21.861563009354846,-9.881194504608402,80.39922233528273,2.137902249560696,2.147082314482507,0.0,-0.9777432526439821,-1.8213796148245882,11.973542267776867,-28.835526875629654,-28.834940387581078,0.0,899.987166952773,0.006865946158671301,900.6327408527721,0.48680751399039013
153,9.239999999999892,-21.95760709904426,-9.99892212926603,81.11247292110498,0.4077702510906338,0.416977256719421,0.0,-2.2362760767833434,-1.8466026037555574,11.808679842960746,-28.8355430217747,-28.835302552362165,0.0,900.0278632850122,0.10017998818917087,900.3492118846649,0.43343393177548384
154,9.29999999999989,-22.09543261443285,-10.107941548084058,81.8328037189887,4.960822818715558,4.970287280829016,0.0,-2.0659893040396873,-2.0414022451302305,12.14725260040734,-28.83554964189561,-28.82580740903472,0.0,899.4897051693437,-0.33463760173783796,900.155380250699,0.33076726522539257
155,9.35999999999989,-22.179213088334283,-10.230428207945195,82.54500591326511,3.2307868535764293,3.2408051840754926,0.0,-0.8392528507725163,-1.782710788016734,11.774859210009664,-28.831606037797254,-28.8230863689078,0.0,899.5517934472533,-0.04524058023510336,899.7912107063021,-0.19158753570512765
156,9.419999999999888,-22.236666655214634,-10.34216563606183,83.26232350606847,1.500835766052619,1.5114030324413426,0.0,-1.3657087985664513,-2.0948040130049637,12.002233473691167,-28.833935342188816,-28.82380004383067,0.0,899.6486251833189,0.14761644827883016,900.1692955756736,-0.4614654986754522
157,9.479999999999887,-22.35547520168389,-10.460055233317,83.97771557710767,6.053962281343348,6.065044713766061,0.0,-2.360273618080506,-1.7800640172047428,12.022931981194763,-28.834890458761112,-28.8288231176604,0.0,899.8989075130064,0.07730966538150075,900.2285025938635,-0.07121393173643453
158,9.539999999999885,-22.47981231143029,-10.5800893964331,84.70498375458627,4.3238595190489,4.335386072882997,0.0,-1.5133099139666726,-2.2438489344455914,11.962253570824943,-28.83528208057377,-28.825925446077438,0.0,899.6365819253479,0.3193723327074289,900.1280902221304,-0.28106680580129156
159,9.599999999999884,-22.539649375058595,-10.698394498406198,85.41717776007431,2.593907006292479,2.6059590109683732,0.0,-0.7735171452969158,-1.8159969403144827,12.006664830057108,-28.828672071753786,-28.820697779630343,0.0,899.4256506599173,0.29853953964353136,899.6445560589196,-0.33784276211171965
160,9.659999999999883,-22.61275691690983,-10.820731315038394,86.1395404411253,0.8642391275910883,0.8767941165586706,0.0,-1.858874955055035,-2.1179760004965367,11.924642537470854,-28.826512462456304,-28.817550595625622,0.0,899.3697403101131,0.16404107331847928,899.6709237746412,-0.08919394827144458
161,9.719999999999882,-22.74449787676167,-10.936819044361805,86.86221116095108,5.417881280807524,5.430829538934258,0.0,-2.2371354272978325,-1.9456283923141056,12.242639960452669,-28.824549810054418,-28.821731266299903,0.0,899.6593205780066,0.47441859022700694,899.6139358949086,-0.24187224046958544
162,9.77999999999988,-22.84343660435702,-11.067569489651955,87.58747473588899,3.688369234519099,3.701486535165511,0.0,-0.9847866036774995,-2.093187511263162,11.824090821057196,-28.826203945421334,-28.82338843831527,0.0,899.656258674084,0.3423855738100677,899.7440627022887,-0.023707518218851364
163,9.839999999999879,-22.89258583722879,-11.184609074755738,88.30726194912873,1.9587978011918619,1.9719873221182223,0.0,-0.9570417895309824,-2.0713584766922057,12.161754728288969,-28.826180774121294,-28.827538073706243,0.0,899.8441448229934,0.06435756672573127,899.711224548951,0.2358929360521116
164,9.899999999999878,-22.98928245421363,-11.31316968229872,89.03027970873464,0.22914241282098402,0.24229832897858117,0.0,-2.2010054416801794,-1.9787377034451994,12.02105085788155,-28.829814872880704,-28.82909153075368,0.0,899.8319975587232,0.18489338692718343,899.8997177849461,0.1751502848034429
165,9.959999999999877,-23.11889792432802,-11.43488489539203,89.76272393583125,4.782459908120808,4.79570498710992,0.0,-1.8263186046117803,-2.30596706457959,12.275221840796764,-28.833200844638643,-28.83049309165118,0.0,899.8724437677347,0.24621937350686013,900.0216632124122,0.1947397081387867
166,10.019999999999875,-23.18926070937126,-11.567019139216468,90.48324281417322,3.052435006458218,3.0661472786642285,0.0,-0.6966460334253302,-1.935992280112845,11.99221077152501,-28.834589289288157,-28.819940457618845,0.0,899.2835545618158,0.08619576654762982,900.26692770435,0.30108119660986377
167,10.079999999999874,-23.243856108808103,-11.691958290763287,91.21137694584155,1.3223511182752343,1.3369123236660085,0.0,-1.4036222662655324,-2.306134370593692,12.12255859577788,-28.835078873256663,-28.82170660124936,0.0,899.6103947368046,0.4484954481745355,900.283998788095,-0.1177184718979849
168,10.139999999999873,-23.361610042040173,-11.819701631028718,91.93706019935674,5.875425000208544,5.890670985410399,0.0,-2.250068344349769,-1.9794039505984204,12.232147647124243,-28.835300804753288,-28.82705783694735,0.0,899.854087885603,0.7538365327940462,900.4305861496997,-0.6690220436132944
169,10.199999999999871,-23.474080869573474,-11.95401794242833,92.67319116658241,4.1453033814342035,4.161161550085655,0.0,-1.262091142206306,-2.4099209417249274,12.039491486325998,-28.835450329585743,-28.822444199103707,0.0,899.4906630978729,0.9273188202339899,900.5155454650348,-1.062882055861511
170,10.25999999999987,-23.523715477815983,-12.081955890759016,93.39519663202266,2.4151749071461097,2.4317429109991036,0.0,-0.7011208738965949,-2.0481522966545964,12.195333801476455,-28.83535196703495,-28.82536049848603,0.0,899.753633341016,0.7604965280183861,900.1975289344946,-1.0090219664177598
171,10.319999999999869,-23.597108475034158,-12.217669831684892,94.12604974238847,0.6850509387836059,0.7022830994671772,0.0,-1.8817334758235806,-2.2655098506552624,12.065566606126328,-28.835471306880027,-28.82282186411306,0.0,899.5474965040934,0.6109022409437646,900.1600285000874,-0.9592202240021013
172,10.379999999999868,-23.72410393651852,-12.345493229852641,94.85975575368875,5.238109187139983,5.256128717758962,0.0,-2.0604163288008928,-2.226743652745721,12.420079088412075,-28.83543172688963,-28.821605035702873,0.0,899.5429409516062,0.7336942449176524,900.0846844783844,-0.8967502707390964
173,10.439999999999866,-23.80937678777564,-12.488947103333622,95.5914155331501,3.508040218120696,3.526795320900126,0.0,-0.7781274047423132,-2.2166323814031217,11.975338876811813,-28.83309045652107,-28.823175081776487,0.0,899.6477087620475,0.4642280520944525,899.872310494889,-0.772845392832845
174,10.499999999999865,-23.852812513455955,-12.618701792841096,96.3214358548441,1.7780234521419036,1.7975292894303543,0.0,-0.9648335053130526,-2.348560690191088,12.295694413476832,-28.834429521186635,-28.818167544968336,0.0,899.3547087390812,0.1973993687346235,900.0246799011682,-0.9985618990213307
175,10.559999999999864,-23.950334230782094,-12.759197290927283,97.05227968753998,0.04795554202665375,0.06842172180286088,0.0,-2.1473416351825665,-2.1545691384437746,12.206722270457355,-28.834519052494844,-28.818904307974474,0.0,899.4963280037332,-0.06839523899107271,899.9696322921591,-1.1056730105498216
176,10.619999999999862,-24.07102073613687,-12.896019161770605,97.79407412736036,4.601110183862996,4.622423792567778,0.0,-1.5829131848093239,-2.5773139125820337,12.340505253509425,-28.832991400588583,-28.821136981877025,0.0,899.603260188845,-0.09139793347411897,899.8915985455924,-0.7521342046472588
177,10.679999999999861,-24.1290280350533,-13.039200296916002,98.52122677314289,2.871129469614912,2.8931599551054603,0.0,-0.58348068318001,-2.1459349656358677,12.171496968068348,-28.83304288291638,-28.820953928238865,0.0,899.5403286932137,0.098573427877982,899.9227336217482,-0.7501170655522691
178,10.73999999999986,-24.182108222875726,-13.179652333154573,99.2575401727488,1.141116296168943,1.163804059320542,0.0,-1.4484808672654337,-2.528996743607353,12.20748124896742,-28.834453579391063,-28.8253382940447,0.0,899.7800893858506,0.3290936435353386,900.0340678036997,-0.7914237470003777
179,10.799999999999859,-24.298238941672626,-13.319575629395011,99.99189624059953,5.69427604776766,5.717370234258519,0.0,-2.1311561980715252,-2.235142779804967,12.404090524241006,-28.832549926074776,-28.82941245376743,0.0,899.9066061453321,0.015225674403141478,899.8748072919998,-0.7569211688574646
180,10.859999999999857,-24.39847727135,-13.47023282615644,100.73403727725992,3.9643250716798963,3.9875632557939404,0.0,-1.022557142696619,-2.5900504143637733,12.096648258193053,-28.832465498755873,-28.831202755750535,0.0,899.9030262315607,-0.04974950475571494,899.9017641594359,-0.3146714888519426
181,10.919999999999856,-24.439424995306904,-13.610780373341237,101.46432540927538,2.234423219464814,2.2576319349651808,0.0,-0.6529358300275664,-2.3384328811279933,12.34368433362591,-28.830483418742023,-28.83363957765425,0.0,899.9974749215842,-0.15385669749769987,899.8031099196268,0.17733829203542162
182,10.979999999999855,-24.51389361767923,-13.761929320249589,102.20141596612763,0.504566564785482,0.5275867818698394,0.0,-1.8945878821800948,-2.450481198990759,12.192001129127242,-28.83165011902174,-28.834769185775496,0.0,900.2060282475799,-0.14561574309223696,899.9034587410463,0.42138725768730895
183,11.039999999999853,-24.635322779851954,-13.904890160299699,102.94412027123599,5.057859079489685,5.080678726659027,0.0,-1.8654791040230874,-2.563757608030051,12.539362245346187,-28.83140919910824,-28.835090207523344,0.0,900.3269969388423,-0.4119401964201456,899.8729328258768,0.4205967253790639
184,11.099999999999852,-24.70727758525743,-14.062808839553442,103.68017433213492,3.3279331839389883,3.350566782792903,0.0,-0.6025463307152517,-2.3943268371757167,12.118695315312578,-28.833161349902394,-28.835363981286807,0.0,900.0515972506597,-0.26529999360766493,899.9633245613211,0.8406982534547152
185,11.159999999999851,-24.74662217105861,-14.208555959763718,104.41834114447903,1.5979104286166752,1.6204425873155177,0.0,-0.9988966583604362,-2.656814298515643,12.380074802390027,-28.834560908653696,-28.835464163654354,0.0,900.0022519148162,-0.26859822304260267,900.0686610804911,0.655186867726244
186,11.21999999999985,-24.844998646868316,-14.362940460479066,105.15552610703995,6.151077616543115,6.173498774718036,0.0,-2.0774333870616166,-2.386882165771345,12.364935196239841,-28.83227623202993,-28.83551730905451,0.0,900.2705025357815,-0.5013344306648522,899.8481226327722,0.8771970069066248
187,11.279999999999848,-24.955968561966856,-14.51752631186587,105.90423265513996,4.421327592563184,4.443373382787989,0.0,-1.3372480173107724,-2.852352440472081,12.362620799834186,-28.82502647194272,-28.835441703806264,0.0,900.2153053842653,-0.2775044348959125,899.5192201584636,0.9684180136513276
188,11.339999999999847,-25.00272836504979,-14.673424575829182,106.63703773398355,2.6919156831198734,2.713245294068507,0.0,-0.4969386218360295,-2.4057433226618676,12.318023864993632,-28.821369040189417,-28.835505084758868,0.0,900.2561027793821,0.03594313228272349,899.4780850152104,0.7423995892320205
189,11.399999999999846,-25.055838468062163,-14.831024116262352,107.37944171967843,0.9625615930973872,0.9831142958186474,0.0,-1.50251754308705,-2.7530617496035106,12.273535404191364,-28.8244489304935,-28.835534087241147,0.0,900.1915644235139,-0.09403204046554826,899.7202357321345,0.6802647895001148
190,11.459999999999845,-25.16987136618819,-14.984652221470697,108.12141861898216,5.516140551328446,5.536167283142566,0.0,-2.001293067260109,-2.5287253729961185,12.549621059265355,-28.830404833327496,-28.835404374785586,0.0,900.3393648207717,0.20018677297972587,899.9760273335289,0.5279661783891133
191,11.519999999999843,-25.25745026681124,-15.15190773359315,108.86758334765736,3.786245267131088,3.806040908328841,0.0,-0.7953077182717521,-2.7600229616549807,12.155036461267997,-28.833442771926634,-28.83549279480441,0.0,900.0866304331678,0.13617535838582648,900.0367183202034,0.3498951424145243
192,11.579999999999842,-25.291328192482712,-15.306131630067657,109.60523633055129,2.0562793124160947,2.0759525629842663,0.0,-0.6371125124259739,-2.646724112956239,12.461072227384966,-28.83177337578747,-28.833798472726524,0.0,899.9121193972829,0.09581271059263391,899.8494571085953,0.18444328999915596
193,11.63999999999984,-25.367784870868476,-15.47211642865923,110.347268426106,0.326327941457059,0.346028428023061,0.0,-1.896188850557825,-2.634060503733552,12.317263720214964,-28.833681362616463,-28.829588072018375,0.0,899.7224273175988,-0.04108657990038216,899.9829342165808,0.08848611270989815
194,11.69999999999984,-25.482838531576398,-15.6306551258592,111.09753971816548,4.8795580848523645,4.899525483090873,0.0,-1.6518198728883737,-2.891425976166836,12.60787896009494,-28.83099388408028,-28.82604804942917,0.0,899.629954413361,0.22449298988402727,899.8028249792675,-0.06284322192543562
195,11.759999999999838,-25.542004742770374,-15.801580038646312,111.83703347371438,3.149635413437654,3.170108910144439,0.0,-0.46186424256537534,-2.5798137688360314,12.257641386581533,-28.83368432225125,-28.820181005464196,0.0,899.3927984130482,0.17640924137544808,900.0926188000756,0.004125917372660258
196,11.819999999999837,-25.578979607774663,-15.963063317557248,112.58181704492242,1.4196203532530998,1.4407606109096571,0.0,-1.05553511973096,-2.9285789230903063,12.431013861051529,-28.8335831402053,-28.826358156412386,0.0,899.8518779619545,0.22235272629852904,899.9410888990475,-0.41814601667757917
197,11.879999999999836,-25.678094055767367,-16.12997443775376,113.32462425670604,5.972826231297165,5.994287030558423,0.0,-1.995990777109352,-2.6179571101064893,12.500853103288845,-28.83211157697439,-28.829677251601527,0.0,899.8885882083631,0.17712080102955924,899.8606236784091,-0.35454061875327303
198,11.939999999999834,-25.778796305772232,-16.301282640107242,114.0783210215368,4.24285233022875,4.264441970946526,0.0,-1.0988830704794368,-3.0737981907115093,12.364302298312754,-28.834132668158492,-28.83244517180295,0.0,899.96354401275,-0.14105131692535122,900.2866329314419,-0.28545596387069955
199,11.999999999999833,-25.81572855731877,-16.46874277483869,114.8163958471486,2.512784424648517,2.5344519340537435,0.0,-0.4328297247458072,-2.6627591955931216,12.44063385103022,-28.83475612939945,-28.834064102507156,0.0,900.1005251141723,-0.2959699921198195,900.2799808470273,-0.44578065965240343
200,12.059999999999832,-25.86998997537282,-16.642039174233847,115.56345715348607,0.7826878396462771,0.8043872079163785,0.0,-1.554279396567231,-2.94031568538783,12.33801532047054,-28.835227002780083,-28.834943254330305,0.0,900.1061051035427,-0.2841863103511951,900.1122231289221,-0.5260055352862542
201,12.11999999999983,-25.981160602503547,-16.808883312147017,116.31235963348591,5.335755713716557,5.357468119999755,0.0,-1.857983880005869,-2.8276499579523264,12.66941580684933,-28.83539046607718,-28.835274109125145,0.0,900.1428341191653,-0.01074832912543112,900.097487459944,-0.5735116957512438
202,12.17999999999983,-26.056188412538585,-16.99105085801973,117.06109600953302,3.605629977527851,3.6273557636242515,0.0,-0.5932683920344366,-2.9077046220687848,12.225170918634372,-28.83548709203884,-28.835103225034608,0.0,899.9822164284722,0.22078146090427583,900.5163301867273,-0.40819078658645763
203,12.239999999999828,-26.084706624317704,-17.159073626474303,117.80521583442918,1.8755047364550705,1.8972789864912318,0.0,-0.6512087308630075,-2.9521092720297584,12.54526063600982,-28.835344632411648,-28.83390729848717,0.0,899.9322891180416,-0.037913316495953454,900.3701858562016,-0.3847063033350141
204,12.299999999999827,-26.163425231801362,-17.33879336228008,118.55131862459547,0.1453811049096716,0.16723573408848225,0.0,-1.878090150786902,-2.8235164520183806,12.439562920314604,-28.835468299577506,-28.834277035692587,0.0,899.9681568717258,0.15418812440197857,900.3360538555659,-0.05900566401381918
205,12.359999999999825,-26.271329032223992,-17.51335894103869,119.30768738919605,4.698441394725325,4.720352181358212,0.0,-1.429295647712089,-3.1991282161757106,12.62916947947108,-28.835451147007742,-28.834903304265662,0.0,899.9968610051832,-0.1673308871910095,900.1776027881205,0.2748854117402555
206,12.419999999999824,-26.31868535281969,-17.69653467068881,120.05006750876788,2.9683128725172985,2.9902488284646473,0.0,-0.3544193107412207,-2.7901759275738938,12.383881188085473,-28.835511972055638,-28.83528734748345,0.0,900.0233359785203,-0.06443926975555543,900.1824978884542,0.118608168281441
207,12.479999999999823,-26.354804592171455,-17.87422885836738,120.80005616734454,1.2381904182447103,1.260136678351497,0.0,-1.124571700329319,-3.1766769170381073,12.460884220773307,-28.835397158183653,-28.83530504655773,0.0,900.0410572910197,-0.11682672702399717,900.0622514250293,-0.04812414932320763
208,12.539999999999822,-26.454173094631933,-18.05371582057177,121.54809426243654,5.79124969554144,5.813200183058844,0.0,-1.9038882345507298,-2.8690726220705205,12.618940675702015,-28.83530124273993,-28.83526347074616,0.0,900.1130169844618,-0.31750381488460094,900.0479494706677,0.04033856371934458
209,12.59999999999982,-26.54400124733463,-18.2418060981895,122.30505242751116,4.061153460648132,4.083080279023257,0.0,-0.869003400142595,-3.267110852679759,12.358801057482356,-28.834393720527988,-28.835435022070463,0.0,900.0942529821798,-0.13449954854316293,899.944092415659,0.06537916403427528
210,12.659999999999819,-26.57261372394094,-18.4213789574295,123.04810494817845,2.331211363091999,2.3530244404588476,0.0,-0.3932128151854082,-2.941043317510503,12.542822320002061,-28.829259757848416,-28.832325007296966,0.0,899.8444193944042,0.02169064967349248,899.7048304614748,0.07863068271395364
211,12.719999999999818,-26.629108271716653,-18.610158846633436,123.79858000301711,0.6014550457962882,0.623120327957988,0.0,-1.6007117119947603,-3.1194836319731234,12.40596341230276,-28.829290379503217,-28.830860448123943,0.0,899.8217236373248,0.0259275946999234,899.8051600847949,0.15769978371314447
212,12.779999999999816,-26.736590389868354,-18.791137955450242,124.55360158551382,5.154898159700208,5.176393727478395,0.0,-1.6952858573518912,-3.1483259985946814,12.755819279099278,-28.828679106909828,-28.833454843861464,0.0,900.1959276965795,0.048578886610858955,899.7814088700777,-0.04278308665242095
213,12.839999999999815,-26.79921801623013,-18.98747399836612,125.30382554424581,3.4251758827583423,3.446449132471349,0.0,-0.4201411790149172,-3.060826946545995,12.309079524955617,-28.828743164602884,-28.830880973381007,0.0,899.7982957261875,-0.12485347420504873,899.7888062694306,0.004736798414100319
214,12.899999999999814,-26.824079814728293,-19.170159962024147,126.05341377049352,1.6955981446102424,1.7166038043907195,0.0,-0.6957753512219347,-3.2535710856392686,12.594144820679524,-28.822873793557136,-28.830586594435342,0.0,899.8466315560872,0.13129918680589953,899.4848984179846,0.023725986784708632
215,12.959999999999813,-26.905162914011783,-19.362998040566303,126.8029265803292,6.249551242553139,6.269976280953536,0.0,-1.839514131246538,-3.0281455005275784,12.551697291423535,-28.817241567584702,-28.82965736045207,0.0,899.7957868604154,0.18841923740520047,899.3061305463533,-0.1340421215207603
216,13.019999999999811,-27.005046236676232,-19.553942321659914,127.5638069706581,4.520365743482449,4.540124692989561,0.0,-1.2019123029103687,-3.473374743606829,12.612978488711573,-28.82414101506529,-28.83299179374208,0.0,900.0224864543276,0.34354118914919,899.8012075679496,-0.020697157557074713
217,13.07999999999981,-27.041671254189858,-19.74862874937957,128.30875003496763,2.790764329358522,2.8101094492213825,0.0,-0.27481020390023764,-3.0168161523878605,12.488880799595725,-28.830873943830557,-28.8345035700555,0.0,900.2439351687983,0.4087909347018818,900.1499621044276,-0.014469625531996521
218,13.139999999999809,-27.078293039089875,-19.94218182427811,129.06250780468378,1.0609201234158672,1.080029708883334,0.0,-1.1981791446720473,-3.3905674300270916,12.479980149130403,-28.830667047198926,-28.83504047371669,0.0,900.1033244150104,0.05209914830085543,899.8473743434656,0.42018500484200216
219,13.199999999999807,-27.177201343565184,-20.133833610821195,129.81534610848914,5.614421375137169,5.633105374213034,0.0,-1.8016997199532543,-3.126753293633042,12.719048293059966,-28.824177033424355,-28.83507530001617,0.0,900.4429603382339,0.206505926663707,899.518268367087,0.13015792621342442
220,13.259999999999806,-27.25580830060538,-20.337465470749763,130.57402574209007,3.885107618478431,3.9029941154097934,0.0,-0.6543886803320259,-3.423093882972573,12.359849168935632,-28.818674485598994,-28.83535786894676,0.0,900.4505051557264,0.058023684454594264,899.353680483657,-0.1734632534309694
221,13.319999999999805,-27.277712467384816,-20.528886571691334,131.32166474581916,2.156194979939599,2.1728698767738077,0.0,-0.3793862263159371,-3.21796162214961,12.623885750860778,-28.810403382111822,-28.835398224114925,0.0,900.5114202000361,0.437366236110927,899.039431325018,-0.3352696298678908
222,13.379999999999804,-27.33707140248903,-20.731455537179425,132.07464792604893,0.4275410448406607,0.44274378436813855,0.0,-1.6323269980761532,-3.277281556613014,12.481032653735108,-28.81165895203925,-28.83549027294342,0.0,900.1400713553367,0.1797262617993724,899.2814663819662,-0.6445017227868088
223,13.439999999999802,-27.43992473853466,-20.926026219657203,132.83487044584547,4.982039404883956,4.995803885581015,0.0,-1.5132164116952347,-3.450504284039128,12.803003893323506,-28.81115923040936,-28.83533929825895,0.0,900.1750264213795,0.3095153624125721,899.2378151603233,-0.9342139812287437
224,13.499999999999801,-27.49063877792456,-21.134105812984696,133.58604717450834,3.2532115111107593,3.2656804989922144,0.0,-0.28083556410222177,-3.2032321319978467,12.402066272396027,-28.81814348559269,-28.835466112496725,0.0,900.2109870007449,0.20884131837773728,899.6082341901116,-0.49913554906846136
225,13.5599999999998,-27.513427567420187,-21.330269197002497,134.3401734885561,1.5240538078252532,1.535711647944071,0.0,-0.7628827734734058,-3.5045693557482425,12.616472803579452,-28.821169007050564,-28.82917122614267,0.0,899.6663368327885,0.20971831308727085,899.6189011502939,-0.3726038467796184
226,13.619999999999798,-27.596667886403637,-21.533631763759203,135.09293638490453,6.077952109435197,6.089169880734732,0.0,-1.7845789118897777,-3.2113125272450858,12.65266875820029,-28.8218782788523,-28.828207569436437,0.0,899.7497879869111,0.14935925631462244,899.5885503079583,-0.477540235701313
227,13.679999999999797,-27.687850263128244,-21.738684387549924,135.85710127393776,4.348703214925422,4.359556059804676,0.0,-0.9789276133620659,-3.6693882166718397,12.580952323311827,-28.81945684157441,-28.82518980093777,0.0,899.6174780149953,0.3976698355278735,899.4514869267978,-0.6918006854127612
228,13.739999999999796,-27.715139973620996,-21.94202659266906,136.60484631990667,2.6193668550125118,2.630114931032077,0.0,-0.22010484514274295,-3.2142805481683614,12.578476108297632,-28.826763737057306,-28.822155628313418,0.0,899.5244611177702,0.25488626941444825,899.8927145785887,-0.4835627815735801
229,13.799999999999795,-27.753576345988147,-22.14832755800191,137.36149475641957,0.8897229117320293,0.9007685985886003,0.0,-1.273157265721343,-3.532912448148767,12.504209118766841,-28.82837761265601,-28.822870374893817,0.0,899.6196329919815,0.142688587166458,899.8110276613126,-0.5015659524262508
230,13.859999999999793,-27.85137147214992,-22.349393341950446,138.1190967013837,5.4431791917401995,5.4546310172725825,0.0,-1.690005539984944,-3.349123513170546,12.808893324454068,-28.82931788246827,-28.8206695591802,0.0,899.4967178384347,0.01873061176375729,899.8347881197908,-0.5872933556255753
231,13.919999999999792,-27.91875396303524,-22.564545549878165,138.87873235066908,3.7133886535172937,3.72543058836607,0.0,-0.4611857121255978,-3.509237042834023,12.38293861478208,-28.83064720811692,-28.819026707690856,0.0,899.4484810843652,0.223897479741958,899.8756864126776,-0.6719422427565446
232,13.97999999999979,-27.935595524028187,-22.765207160227934,139.6309436843856,1.9835600116382945,1.9962052486890158,0.0,-0.394201457012002,-3.449626310224853,12.689684577999373,-28.830244425866237,-28.82264908976131,0.0,899.6848478514667,0.3249284144016908,899.834500565734,-0.31231214204584345
233,14.03999999999979,-27.998203698791116,-22.977598471991502,140.38631346826037,0.2539434016584776,0.2667505393318059,0.0,-1.6456896864022252,-3.387702742586912,12.569318738131365,-28.822411396930615,-28.82678125952852,0.0,899.8158577735475,0.2906820340039597,899.4197506046469,-0.17951225850407818
234,14.099999999999788,-28.095683969523776,-23.18326432759121,141.15116656033047,4.807883362838314,4.820277804742627,0.0,-1.319917342025887,-3.692388774316979,12.816109705050858,-28.81838488475513,-28.82896670319499,0.0,899.845823821394,0.3955249971797084,899.380725261019,-0.04564325629594479
235,14.159999999999787,-28.13547611966526,-23.39936478884905,141.903358520356,3.078866413974106,3.0905117932949757,0.0,-0.17786949823701406,-3.322436286483648,12.499149970215312,-28.81487189547525,-28.830148727615345,0.0,899.856932924038,0.28825243140324114,899.278178321964,-0.15880902183371348
236,14.219999999999786,-28.15769905451552,-23.60684308401683,142.66133379755675,1.349960859461933,1.3607223896921763,0.0,-0.8431813900188537,-3.6896983853023007,12.624265097369973,-28.815681194604814,-28.829585515680662,0.0,899.8095085867898,0.6143126589755736,899.4053749505126,-0.3655973691817347
237,14.279999999999784,-28.242618747671177,-23.818165628629878,143.417496230121,5.904067951826405,5.914107274418041,0.0,-1.7187441906925844,-3.3738333475544793,12.742644172486017,-28.821631501868648,-28.8305939238999,0.0,899.8700998926961,0.7084502067380649,899.6977136705191,-0.06754328274604876
238,14.339999999999783,-28.32468687413166,-24.035251883214254,144.1838385857945,4.17468944175377,4.184258388046789,0.0,-0.7680117298678375,-3.801370728605359,12.545698397764802,-28.82510531789417,-28.831162127027273,0.0,899.8756148962776,0.42897686047978634,899.7496661882526,-0.1371713193417709
239,14.399999999999782,-28.344132394582388,-24.24569483926947,144.93468753556786,2.4451217566764445,2.4544047768736768,0.0,-0.1850678552179317,-3.4012722941483755,12.65737597158089,-28.82741643160434,-28.830195072400702,0.0,899.8276243978263,0.6191892871994995,899.8120528362518,-0.3216895446108156
240,14.45999999999978,-28.385270543275265,-24.46291612798449,145.69357792540785,0.7153660725553364,0.7247624107422315,0.0,-1.3412707932820782,-3.638232995917111,12.539976186149849,-28.832217266374325,-28.823446791154904,0.0,899.4756245409121,0.4543137486429001,900.1001253942312,-0.28376864401298446
241,14.51999999999978,-28.481069743011286,-24.67278019297485,146.45584090070238,5.2685748221585715,5.2785853925279405,0.0,-1.5624141451310938,-3.5732670415855177,12.883344981760626,-28.834077474033435,-28.82162452392099,0.0,899.5314528144434,0.3407271125498155,900.3530895853362,-0.03403926019573136
242,14.579999999999778,-28.537300468897925,-24.897641164405005,147.2157843074932,3.538509479877213,3.5492747135864366,0.0,-0.292650755895349,-3.5763299564944244,12.428578014778951,-28.83494873704399,-28.82217933526821,0.0,899.5945934012807,0.6066754176583915,900.2084366190759,0.25469856987675343
243,14.639999999999777,-28.55064826771339,-25.107530483057655,147.97223939713382,1.8084101643092154,1.8200407551865183,0.0,-0.43813619671591764,-3.6722735182525454,12.731700868977267,-28.835079206125638,-28.81827252793007,0.0,899.387833576357,0.20086068208558183,900.3758231254551,0.6479976523427556
244,14.699999999999775,-28.616678325619425,-25.32846114531083,148.72976823451717,0.07829872600110832,0.0909056148212759,0.0,-1.6387491292504301,-3.500932165113659,12.660383347881252,-28.83535947052056,-28.819915196818823,0.0,899.5475464555924,0.3658556642244629,900.6654170695498,0.5514244215878245
245,14.759999999999774,-28.70795494559996,-25.545224660202038,149.49829707431266,4.6313673727985005,4.6451682144347295,0.0,-1.1177997628303322,-3.9034812263529943,12.79410157831851,-28.835353517181357,-28.80953300623665,0.0,898.9687195452847,0.5510436671225845,900.6399065209243,0.47690397307023746
246,14.819999999999773,-28.737706105092247,-25.768257714108685,150.25152128334423,2.9012433332517524,2.916495711715317,0.0,-0.10253498809603653,-3.4579477579454756,12.587629177451886,-28.835471942462583,-28.813877892979832,0.0,899.41781531888,0.861919498307693,900.4830928684464,0.5352685385452345
247,14.879999999999772,-28.760622533535322,-25.986972553344565,151.0124501653178,1.171124020866456,1.1876287867719064,0.0,-0.9297873345287291,-3.844805036763106,12.623470015825012,-28.83536023184459,-28.81559677339747,0.0,899.422968154248,0.8016630342370692,900.727722930855,0.10957335022551995
248,14.93999999999977,-28.846579235712614,-26.20612802557415,151.77203063951822,5.7241850100146205,5.741799509738866,0.0,-1.6436111442650585,-3.551759661492318,12.821045343846132,-28.835201261340256,-28.81869370875076,0.0,899.5555511178788,1.0695462278239771,900.4710094820699,0.19120243333102022
249,14.999999999999769,-28.91909587222075,-26.43514141829538,152.53925099940284,3.994067963617937,4.012544550956958,0.0,-0.5691865511986034,-3.9100740746858462,12.512751864589248,-28.835409515225354,-28.824522437147635,0.0,899.7821917841407,0.8218893557240969,900.4402627483762,-0.04091922145302862
250,15.059999999999768,-28.932089011689033,-26.653645613548623,153.29316186614525,2.263941380039885,2.2830528263881256,0.0,-0.16945248198182983,-3.6163105217980918,12.721853241750873,-28.83523998976272,-28.8251237185222,0.0,899.7010348310912,0.9504734720349739,900.1078138936482,-0.25949201020622525
251,15.119999999999767,-28.976510980528882,-26.882211539132705,154.0534645787498,0.5338225545661031,0.5535883710274723,0.0,-1.3966246378047642,-3.7557530622935857,12.5844415050548,-28.835425394499204,-28.823349388905836,0.0,899.5805537551008,0.7715118145876311,900.231366161683,-0.47842327636204274
252,15.179999999999765,-29.069399123443066,-27.102999257429904,154.81971288988214,5.086886730115426,5.107288988953535,0.0,-1.4169621465578854,-3.839413371227895,12.925233679622977,-28.835272458116393,-28.826979931498247,0.0,899.8233234082519,0.753116490199045,900.1690234357535,-0.4668283960670889
253,15.239999999999764,-29.11486241852669,-27.338515954854802,155.57909267731813,3.3567664132771746,3.3776870634389144,0.0,-0.1545658541488089,-3.6862523454225773,12.486682976074636,-28.83543870703148,-28.826277809333284,0.0,899.6952309115007,0.6459883694520147,900.2247471555357,-0.09837804330502098
254,15.299999999999763,-29.126157931889153,-27.560619203905198,156.33884584741867,1.6266424456370228,1.648097356853489,0.0,-0.5046960762159881,-3.9264865758389735,12.740998072341638,-28.83535955230131,-28.826844994660625,0.0,899.7483077809384,0.840235889330198,900.3371291969347,0.04535207643914238
255,15.359999999999761,-29.19533781879189,-27.79222569026814,157.0980127656706,6.179703436134052,6.201670857311481,0.0,-1.610510183321539,-3.679132941279881,12.738789619871628,-28.835474416949214,-28.826891322561696,0.0,899.7306229465809,0.7656339095367802,900.5160773223669,0.24690126850005945
256,15.41999999999976,-29.27959285353945,-28.023536073144577,157.86869143119955,4.4495851399255795,4.4720034078168425,0.0,-0.9139872912496274,-4.136403821165795,12.7389636988646,-28.835343525219994,-28.82948984202061,0.0,899.876545572375,0.8913557789846529,900.6004091817676,0.08339188723007629
257,15.479999999999759,-29.30036342966007,-28.25644747829081,158.62270128963283,2.7194615589617506,2.7421507403208594,0.0,-0.049770990579859356,-3.6703928401442583,12.655657337052496,-28.83545713207062,-28.83305653229894,0.0,900.0974721984406,0.6813772792122814,900.3427604558866,0.5966324329214225
258,15.539999999999758,-29.325170829456905,-28.48988226398953,159.38525638694455,0.9893370099126821,1.0121367082269943,0.0,-1.018914650936082,-4.034348914084993,12.615090401161664,-28.835447264197974,-28.834462823837274,0.0,900.5371702534467,0.8250308857510312,900.2466738006123,0.35920513652662267
259,15.599999999999756,-29.411418103694338,-28.7205925558498,160.1478802350363,5.5423940181582445,5.565238927061639,0.0,-1.55683751329739,-3.805442990817498,12.885046270190164,-28.835194757916575,-28.834791066404204,0.0,900.4027490884517,0.7314250852235548,900.1540963670543,0.25929974176047976
260,15.659999999999755,-29.473823491114157,-28.964422212469927,160.91459674298684,3.8123464898530006,3.835140735226771,0.0,-0.380483077266584,-4.0519231587589415,12.489652145415366,-28.83256203598074,-28.835241327688276,0.0,900.3874534511557,0.40957231271941086,899.8494931231298,-0.027415018098510546
261,15.719999999999754,-29.48175900346762,-29.194854630496753,161.67130059021218,2.082353432197417,2.105024218075945,0.0,-0.18144044407709956,-3.899277603135199,12.767870188411525,-28.83421406887094,-28.835312947145134,0.0,900.3722758625491,0.48596815000913135,900.4027854110185,-0.2627821875891214
262,15.779999999999752,-29.530245833524475,-29.437177891839774,162.43228746642563,0.35228179704968277,0.3749020416424944,0.0,-1.4400182217866402,-3.9211305701341335,12.637800631413496,-28.83500474477432,-28.835455308149164,0.0,900.4260140214601,0.5658620612057166,900.5590225712365,-0.12597291388448634
263,15.839999999999751,-29.619282586356288,-29.67240495005584,163.2017538409068,4.905364848623581,4.927964415428388,0.0,-1.2477819326529072,-4.153741369145756,12.929075115621487,-28.835115689747862,-28.83530045244723,0.0,900.0871896067072,0.5852152731643389,900.6506976795062,-0.11677356900554624
264,15.89999999999975,-29.654162229135846,-29.92018470218513,163.96022056194803,3.1752517338050286,3.1978428128345477,0.0,-0.045890463908798196,-3.8531388022894744,12.554588800035223,-28.835374429441085,-28.835450185134935,0.0,900.0813475821717,0.4915614864281544,900.355831769527,-0.2553849793212267
265,15.959999999999749,-29.664965779958745,-30.157296588232615,164.72250628706777,1.4451339662042555,1.4677215695926575,0.0,-0.5960403600256752,-4.195030202251966,12.726494522228647,-28.83536627637845,-28.835397341416574,0.0,900.3741100235192,0.49975935737429217,900.2862756572339,-0.010739215938109834
266,16.019999999999747,-29.737215027887864,-30.400995508766908,165.48328458320424,5.9981946479334916,6.020780824896054,0.0,-1.5668180369137386,-3.901276397090015,12.807099151053297,-28.835477173917795,-28.835489911024716,0.0,900.3765185499367,0.5755099088960403,900.1952766791711,0.24094570407113325
267,16.079999999999746,-29.813528899281593,-30.648559434112567,166.25497758398322,4.268073238135315,4.29065883090642,0.0,-0.7084263957792355,-4.356232300163072,12.671352332623998,-28.83539155521256,-28.835396778294424,0.0,900.2849905697453,0.45314199945108474,900.0663175722781,0.2224304298097083
268,16.139999999999745,-29.826404900153804,-30.8924360857641,167.01014229984813,2.537947483432351,2.5605328365848834,0.0,-0.018301464616962422,-3.9172619858867317,12.711980090150034,-28.83521241782323,-28.835214559637393,0.0,900.1784999728128,0.4067666481914135,900.0349075288419,0.11043206047065184
269,16.199999999999743,-29.854429390176794,-31.141278180316192,167.7735684320671,0.8078496855760413,0.8304151792802239,0.0,-1.110512290642274,-4.216620842802892,12.615125320484301,-28.834590004012654,-28.8354149677422,0.0,900.2198823870302,0.3509561663500184,899.9564034605535,0.08968619063809971
270,16.259999999999742,-29.940230775965748,-31.384647146881957,168.53928425329016,5.360948995340433,5.383473636001289,0.0,-1.4550730746808853,-4.0893253845031525,12.939925665632522,-28.834867035048624,-28.83532962490338,0.0,900.067061888249,0.19304678754330967,899.9934249528359,-0.096516812376548
271,16.31999999999974,-29.99219279557348,-31.642972438950043,169.30482816340046,3.630847310052779,3.6533506936442333,0.0,-0.20904131417543215,-4.18706449065639,12.49230075889096,-28.835272476385843,-28.83546214627836,0.0,900.0448907997712,-0.015202002790666283,900.134762999628,-0.26176137264149657
272,16.37999999999974,-29.996598202301154,-31.88640312430962,170.06431483039958,1.9007334685986308,1.9233152668364717,0.0,-0.22472928294588135,-4.195852984446934,12.795788884967637,-28.83519968269874,-28.831735413441418,0.0,899.8126053293212,-0.38075099412663244,900.0596251372074,-0.14584261345639368
273,16.43999999999974,-30.049528933328236,-32.14195982192259,170.82586681518862,0.17079410252033966,0.1935015827021047,0.0,-1.4622647049622854,-4.097599955479425,12.702650901721277,-28.82832704157141,-28.828052035709035,0.0,899.6859136479894,-0.2783451285606821,899.6252892416842,-0.3418720498478325
274,16.499999999999737,-30.133682758490938,-32.39236728654154,171.59787659654305,4.7243698625165536,4.746959023935826,0.0,-1.0610878419644756,-4.454502260506747,12.897134553074034,-28.824739044947552,-28.830035975957095,0.0,899.8763888715796,-0.07800397118408774,899.5901472650099,-0.4272852401417969
275,16.559999999999736,-30.158650125831894,-32.6516245986494,172.35557853892684,2.9948590666584636,3.0171400225303664,0.0,0.031242251072418903,-4.04408414875947,12.62268711889566,-28.82585488142835,-28.830744264509622,0.0,899.8652410795635,0.1889936108599107,899.7214859146155,-0.48998671150223144
276,16.619999999999735,-30.170370701543863,-32.90406078411644,173.1196578026921,1.2652373319221812,1.2872790924190687,0.0,-0.6987138072297172,-4.434133190046921,12.700310724303188,-28.829194996767956,-28.831746834002633,0.0,899.9130273662917,0.38734688993052185,899.8841198286977,-0.5819977368947323
277,16.679999999999733,-30.245067880295906,-33.159519814057106,173.8822405565613,5.818681479244393,5.8405582352718515,0.0,-1.510031599077176,-4.135378936116023,12.86418334554404,-28.828580549839785,-28.83162795246324,0.0,899.884192781155,0.37604309696556265,899.7783393970511,-0.675645442935222
278,16.739999999999732,-30.312767518483984,-33.422945771925555,174.65387630931815,4.088957898578446,4.110606131326801,0.0,-0.5118064619289375,-4.538510073131225,12.607086105396183,-28.828947489212275,-28.833944328444886,0.0,900.0132082378316,0.35465967246311986,899.8017557968851,-0.5433363145736116
279,16.79999999999973,-30.319127317332015,-33.6778239144406,175.4105643725494,2.3591902050588196,2.380546906330199,0.0,-0.0057411905302733185,-4.175295680397602,12.758322568004207,-28.82989938533308,-28.834545669286413,0.0,900.0932113911349,0.3000837776584901,899.862615847795,-0.30887684440172825
280,16.85999999999973,-30.351160391442047,-33.941292955024046,176.17429920506802,0.6293279563214913,0.6504600040483544,0.0,-1.192181475001211,-4.381510857082768,12.630106894639749,-28.832818821029157,-28.835140709407,0.0,900.1188521299041,0.1493713473861824,899.9779573216446,-0.004119962571723255
281,16.919999999999728,-30.43549483430765,-34.19765677738879,176.94295564050745,5.182558309496818,5.2035529898014286,0.0,-1.3338318541779512,-4.385907650866689,12.976735708569452,-28.83225295141882,-28.83449415129326,0.0,899.962777223023,0.005048480773558314,899.8945833825956,-0.00771003080643607
282,16.979999999999727,-30.47711490540799,-34.46918896585309,177.70693562396806,3.452577242441482,3.473511790361698,0.0,-0.06504120064922086,-4.318245379119853,12.52102298100384,-28.83420061118404,-28.833314306061748,0.0,899.904493363272,-0.14968231984589686,900.3186238260639,0.18701122413513502
283,17.039999999999726,-30.479513955227333,-34.726014852308246,178.46891143359338,1.7225128040315685,1.74354585171508,0.0,-0.2954511891785918,-4.482389022911547,12.800773091810147,-28.83475451508995,-28.83198312009099,0.0,899.872611867096,-0.13950012227313174,900.3889963800965,0.07386471392581362
284,17.099999999999724,-30.536831239013164,-34.99374208920619,179.23109598417858,6.275601600458327,0.013664231529406656,0.0,-1.4618456621151001,-4.282642142901144,12.77010991950425,-28.835226340878837,-28.830437564450094,0.0,899.8067665850391,-0.23242739910951976,900.2357001923839,0.3762808586752102
285,17.159999999999723,-30.615246698525475,-35.259310591901034,180.00486462943817,4.545687184694987,4.566974115268376,0.0,-0.8681870634275708,-4.717720187604069,12.838672214505548,-28.827614852584,-28.832815124369453,0.0,899.9751296870198,-0.46998965533280196,899.5960496400069,0.1403513598171858
286,17.21999999999972,-30.63134393622982,-35.52896515749232,180.76228387513677,2.815922197480985,2.83696703760236,0.0,0.08107499766255048,-4.248903493769718,12.683942945436252,-28.832298639421595,-28.834431128158606,0.0,900.3024709842697,-0.41922618951977086,900.0865793264447,0.131349898488858
287,17.27999999999972,-30.64529588455138,-35.796276837436785,181.52757826586648,1.0859489722537772,1.10689546882561,0.0,-0.8061861233213534,-4.6358168819327314,12.6761878514206,-28.83405972140638,-28.83493423909173,0.0,900.3172920897699,-0.3449151441488539,900.0874421735734,0.025284260061173125
288,17.33999999999972,-30.72173672881766,-36.062944946938025,182.29240030654464,5.639069741678458,5.659976030341646,0.0,-1.443913270812035,-4.373723247527355,12.917214597932494,-28.834595328312442,-28.834953948129918,0.0,900.2728755198445,-0.08517454829571787,900.0106421506198,-0.14624090806810802
289,17.399999999999718,-30.780332493687215,-36.341128347009175,183.06326786762574,3.9090616427136737,3.9298703491877323,0.0,-0.3274552187518671,-4.681983527530661,12.560662508518623,-28.83182325974982,-28.83530811244638,0.0,900.1931908743056,0.16927326338643162,899.8234090340975,-0.06866367253993592
290,17.459999999999717,-30.781658418352663,-36.60689424873906,183.82200551165866,2.179158553219878,2.199748412616511,0.0,-0.017113569651810503,-4.439102883764918,12.799660881363689,-28.83133438128976,-28.835226397303398,0.0,900.0593363009452,-0.17726279262155265,899.8697090662935,-0.04826834637925565
291,17.519999999999715,-30.818432983241784,-36.8837524130223,184.5859329797605,0.44924034183938044,0.4696745055501701,0.0,-1.2612337447639912,-4.531428197663362,12.666433038273189,-28.832949470706755,-28.833586468782187,0.0,899.9030077058919,-0.13104132510731253,899.9537386283437,-0.20184236839639144
292,17.579999999999714,-30.900335312970345,-37.15325065862969,185.3574622766774,5.002419526461431,5.022852718564003,0.0,-1.1907162269847136,-4.6842456735928195,12.99003733257796,-28.83421723767676,-28.83328487092031,0.0,899.9368564348325,-0.293798313069472,900.0214308184209,-0.08259318720470207
293,17.639999999999713,-30.93190186326009,-37.436499095388726,186.1199352105254,3.2723477453554164,3.2928343810132894,0.0,0.0478309630086719,-4.45424041295175,12.573719048838493,-28.83500604407145,-28.834179511342178,0.0,899.9764993291956,-0.06947959722653178,900.0792949760836,0.06738475854762113
294,17.69999999999971,-30.933818564176704,-37.70693321335553,186.88417251401438,1.5422444274371623,1.5627690730512658,0.0,-0.3909997722510452,-4.74634396020643,12.786869320514882,-28.83519233063093,-28.83485334444156,0.0,900.0953689480716,0.007729340080814986,900.0233042404878,0.001954129263094685
295,17.75999999999971,-30.995292288340597,-37.98585550949851,187.64736652246012,6.0953328761233525,6.115853324459528,0.0,-1.4405877053720042,-4.477907623002613,12.835130101739125,-28.83458093827946,-28.835266862961824,0.0,900.0868460327808,-0.07272107425646078,899.9563595734066,0.216576154580298
296,17.81999999999971,-31.067051953044537,-38.26645450421386,188.4221463995396,4.365293361109568,4.385745745058543,0.0,-0.6733017769715272,-4.938516603683436,12.766028858866344,-28.833439537089262,-28.83523962591735,0.0,900.1333488125132,0.16974890334129328,899.9196487460445,0.3831419250269808
297,17.879999999999708,-31.0753747996479,-38.54583561922439,189.17993517009015,2.635257403387884,2.6556269420515726,0.0,0.10964172987550597,-4.466577453211801,12.736557194702417,-28.834526234650028,-28.83526441332353,0.0,900.289984944388,0.23444109297978943,900.1158421718707,0.6010776368901909
298,17.939999999999706,-31.092732620130977,-38.82754102691923,189.94593324009975,0.9052387217000009,0.9255084924651529,0.0,-0.9130690036144521,-4.807910117128019,12.662564751109688,-28.832386870889543,-28.835411675230677,0.0,900.1156257962224,0.17524884954830475,899.8559863588715,0.2776362496828472
299,17.999999999999705,-31.17002331005665,-39.10539038798134,190.71334498842216,5.458436668341189,5.478657578256918,0.0,-1.3648500181804433,-4.624350123200231,12.966517348284523,-28.833926299055495,-28.83149044304951,0.0,899.805509704208,0.19899808800877963,900.0399820933746,0.0817390865289663
300,18.059999999999704,-31.219096645915748,-39.39728689246927,191.48284114673922,3.72837829330496,3.748807080630339,0.0,-0.15829168493761703,-4.800814618001232,12.539654522366092,-28.834886750799814,-28.829881027369115,0.0,899.7880094627272,0.07005101110086363,900.1052371744307,-0.04512096080541178
301,18.119999999999703,-31.21682889617232,-39.67435674300148,192.24385428705213,1.998445794418311,2.0191427928943533,0.0,-0.055047156716925325,-4.711456118452564,12.828788432145444,-28.828490084285857,-28.824722895957567,0.0,899.5597543788974,-0.01099191763874568,899.6504658218014,-0.6755934326765831
302,18.1799999999997,-31.258667553599604,-39.963639649394494,193.00789992798417,0.2688177505156455,0.28966360814970127,0.0,-1.309086141433545,-4.682345258959373,12.719186473815641,-28.825167810522483,-28.824547875879944,0.0,899.6526763179517,-0.3367061748831854,899.6037162930047,-0.7215593471906444
303,18.2399999999997,-31.33705524625506,-40.246759307359305,193.78182163279436,4.82248435185533,4.843233476899794,0.0,-1.0269901475795415,-4.974810622461175,12.969889621387704,-28.82555819134617,-28.83083099713936,0.0,900.1914262549772,-0.12005221251552016,899.7075877776447,-0.6963708715562695
304,18.2999999999997,-31.359124205878587,-40.54068459804707,194.54291000516312,3.0929486461246647,3.113374567895571,0.0,0.12840204831401036,-4.610940019594846,12.634806622616995,-28.825650886551372,-28.83121061365788,0.0,899.8726651801261,-0.5394754668629855,899.6929135271045,-0.617890578862032
305,18.359999999999697,-31.36192665259195,-40.82508760722969,195.30880320526035,1.363286378859927,1.3834952717241462,0.0,-0.5005683109395368,-4.9823676218126,12.757573542403136,-28.831320079872448,-28.831776215756022,0.0,899.9034946628902,-0.6416164624847556,900.0095483547606,-0.2310351810401634
306,18.419999999999696,-31.42694228395296,-41.11474825815051,196.07324195572016,5.9165338669108785,5.936899993051048,0.0,-1.4024917936882126,-4.686451399146315,12.888562066562494,-28.833818082722757,-28.82669606137326,0.0,899.613271259546,-0.6342128226682194,900.075220306787,-0.4942228412076769
307,18.479999999999695,-31.49129867608959,-41.41019672126704,196.84798436035717,4.186632926741623,4.2074027947212524,0.0,-0.4859689070749028,-5.1205839136693365,12.689713758202908,-28.828839427725523,-28.822641725630046,0.0,899.5152249321602,-0.44230506797703023,899.6886194092228,-0.16661042044200103
308,18.539999999999694,-31.493188379801182,-41.69929946086491,197.6065233379619,2.457106092299746,2.4779461901296536,0.0,0.1205764432159164,-4.698413796190123,12.776545593272537,-28.82047108761812,-28.826506432080553,0.0,899.8204333214029,-0.3137931975869128,899.3665198566847,-0.1451026465973472
309,18.599999999999692,-31.514763609462456,-41.99492462186989,198.3725314546216,0.7280271120112491,0.7482332339699083,0.0,-1.0106031165170826,-4.963322107304822,12.660775251405104,-28.814489383012795,-28.831844067105493,0.0,900.0239904025746,0.006752712902993554,899.2126199269869,0.04547021368828791
310,18.65999999999969,-31.59186914016835,-42.284474934056476,199.14237795679026,5.282288920004639,5.3014582555047856,0.0,-1.2699735461561834,-4.89283308040655,13.002332253804632,-28.81667192778466,-28.833833703076678,0.0,900.0553548772946,-0.14026734659386694,899.4687418244002,0.3346002984733023
311,18.71999999999969,-31.631453010290006,-42.58914983248057,199.90992598702914,3.553281640688482,3.571404149355752,0.0,-0.01392229704504111,-4.9141474511032355,12.543822247068485,-28.81696389298315,-28.83484878356279,0.0,900.0774637365732,-0.23648097466233237,899.4261079188373,0.46806645762689647
312,18.77999999999969,-31.627095952315116,-42.87821102848659,200.67297275899767,1.8242142218473436,1.841325678411346,0.0,-0.12055644349189973,-4.984500137929775,12.837479818059595,-28.81911057855563,-28.8343675275833,0.0,899.9674016278724,-0.03617364002464885,899.5483220225678,0.1415476457472759
313,18.839999999999687,-31.674040886011447,-43.1790397762869,201.4371258754131,0.09488148828132914,0.1112469762255639,0.0,-1.333957860033215,-4.8418501687358955,12.778868498886059,-28.82740314932173,-28.83506766691696,0.0,900.0742847842089,0.08769984678609855,899.9255470248428,0.06290828045248933
314,18.899999999999686,-31.748006159385778,-43.475936440700764,202.2127502940879,4.64835528635091,4.6643722302629556,0.0,-0.851616087466742,-5.236062579940566,12.920139684605633,-28.830463204893736,-28.83342495367704,0.0,899.9042775657474,0.025289959696222785,899.9139100678344,0.11384720503596277
315,18.959999999999685,-31.76147799681818,-43.77933222238135,202.9728884710603,2.9185298150698067,2.934457043107562,0.0,0.17892804993099398,-4.781879139969352,12.69345970960945,-28.830366179116325,-28.829746796836496,0.0,899.7389311856094,0.23177546635230054,899.8359677228451,0.27411881330382587
316,19.019999999999683,-31.766509475882476,-44.07723891162198,203.73989975719687,1.1887222184903745,1.2046701734815164,0.0,-0.6177308463850743,-5.176713670396003,12.725813951375434,-28.830112605900602,-28.830180545033052,0.0,899.8527833588464,0.13784702723061698,899.8357479033648,0.5118136004878163
317,19.079999999999682,-31.834415392515062,-44.37666960326962,204.50601773613033,5.742025670174939,5.758041938908397,0.0,-1.354332106470686,-4.891695257490646,12.935394511130523,-28.833049162845377,-28.830021278733437,0.0,899.8383465294482,0.5076145540945767,900.0642997619949,0.4626894138530793
318,19.13999999999968,-31.89077505322009,-44.68560375036149,205.28008799952843,4.012015763939971,4.02826229548106,0.0,-0.30802131479090766,-5.25325093127905,12.628273012359204,-28.834186349187853,-28.82912224593991,0.0,899.779739829286,0.2999109000861135,899.9819740730845,0.2702258413397396
319,19.19999999999968,-31.88755334687607,-44.983615646891394,206.04012923342205,2.2819454004647692,2.2985942932481755,0.0,0.11230878493209062,-4.923984181646188,12.81580204292759,-28.834633992753112,-28.825534662121175,0.0,899.6284617207899,0.2503874110621483,900.1616211188293,0.22870703239098267
320,19.25999999999968,-31.914155064149,-45.29125494756796,206.8062076865471,0.551907752228324,0.5691425968025783,0.0,-1.0992966483972029,-5.0856409828215225,12.683816782396011,-28.832964878495716,-28.822251336721845,0.0,899.5135215330736,0.14951715341084648,899.8829724534673,0.33317536730483505
321,19.319999999999677,-31.99013596324858,-45.59168989301944,207.5787943286519,5.105267893868982,5.123021859317303,0.0,-1.1542673081465098,-5.152870226007207,13.026756539943829,-28.82688221748828,-28.821080378588785,0.0,899.536082053581,0.3473334471065957,899.6105468835004,0.6461630543922583
322,19.379999999999676,-32.020294448374415,-45.90671739471358,208.34459900978078,3.3757231332930253,3.393606650923605,0.0,0.10422782585893925,-5.008753533899342,12.58056268446091,-28.824087843751528,-28.827694312942693,0.0,899.8982052169894,0.37074034062639616,899.5814627827455,0.6801671513926173
323,19.439999999999674,-32.01524739384211,-46.207106814175276,209.10980783721922,1.646322416209431,1.664041607700815,0.0,-0.21177007615447607,-5.227880341219358,12.83048767924908,-28.82227983283443,-28.82379627236476,0.0,899.5609538214361,0.2952160452248868,899.5589970202465,0.9561072340064464
324,19.499999999999673,-32.06704759525033,-46.51762458596091,209.87457414779215,6.200190915808216,6.217912007054604,0.0,-1.3336217048276808,-4.999025921566777,12.842520260003592,-28.821448952400168,-28.819228244261414,0.0,899.3912590675226,-0.05088505786354481,899.5417154633018,0.7878376828939508
325,19.559999999999672,-32.13560148069184,-46.82762238944824,210.65129723392815,4.470911813146149,4.48877451358436,0.0,-0.6708823074805101,-5.449739618371916,12.849537192410047,-28.821465326230985,-28.818896174441658,0.0,899.4838849679113,0.0432283364453127,899.5716308814277,0.38308978549805234
326,19.61999999999967,-32.14144704074514,-47.139217138049865,211.41102506601416,2.741683197909353,2.759688431569728,0.0,0.20821989208088099,-4.962205997823583,12.742759952384542,-28.819028084933183,-28.816929579000583,0.0,899.3759918477118,0.03915842555389224,899.4312758305311,0.3273342202208455
327,19.67999999999967,-32.14963722153705,-47.450027949476286,212.17855452596,1.0124720042796742,1.0308468784296654,0.0,-0.7303319962148456,-5.337302295851923,12.699049656047753,-28.82224460357062,-28.810217201741608,0.0,899.0709516587358,0.1313606093211895,899.6619839914059,0.10330509766269158
328,19.739999999999668,-32.2193816475843,-47.75905684947805,212.94656890781673,5.566145150428934,5.585468524950901,0.0,-1.2946429967993098,-5.106741932747803,12.974239137098381,-28.829699769096905,-28.807795349026055,0.0,899.1020459165296,0.2929050669486118,900.1923491748535,0.20502700607143276
329,19.799999999999667,-32.2673593969333,-48.080775183349054,213.7190616855648,3.8362827035089175,3.8568276283655187,0.0,-0.14550000978445787,-5.363607738427746,12.582494364719443,-28.83315364314103,-28.815475714290216,0.0,899.5401106240842,0.3765262754759425,900.2729872107254,0.2903654044130697
330,19.859999999999665,-32.26031892046901,-48.388522382709446,214.4805986429136,2.106261338133379,2.127864032607027,0.0,0.08644463149130355,-5.169069694989159,12.840965456998324,-28.834335953262816,-28.816780700217,0.0,899.4549206488115,0.5141833220975472,900.1650017040732,0.2877849013677833
331,19.919999999999664,-32.29197845187454,-48.7080508032429,215.2462669758301,0.3762086330858958,0.3987788058694193,0.0,-1.164992266833191,-5.221181163071565,12.71804856669909,-28.834024927526954,-28.820143419713496,0.0,899.5920123302039,0.6878312542781563,899.945520915877,0.22156312878155904
332,19.979999999999663,-32.36571764626593,-49.02089969037951,216.02086167577136,4.92933897263833,4.952612258463885,0.0,-1.0190916276545776,-5.432752376774301,13.017520819452134,-28.83463140699061,-28.826471913334398,0.0,899.8695593424133,0.6461645281844152,900.0773257026029,0.4072227621180125
333,20.03999999999966,-32.38696104110675,-49.34651216567452,216.7846238203737,3.1992489890857847,3.2229009250973455,0.0,0.19212633240470534,-5.143353472046673,12.626734932235664,-28.83513944029684,-28.831829910462503,0.0,900.0411907527006,0.45585621762735684,899.9980731335974,0.41331295487036646
